Wallet,6,5,4,3
0x0008fee4296ec15c76c0d3729b50c66c105fcb41,0,0,0,1
0x0017db4c875e45aafbdadcd1757bd92f7eac10e7,0,0,0,1
0x0049928e2d532c6eaafc7f1d1858dff99403d9ad,0,0,1,0
0x0052a2d76dd59d85c55c3baa03c2fd0245e4a9da,0,0,0,1
0x00bd520f27936bab4173ea06770c47088526aa7c,0,0,0,5
0x00f0512cdb846e1efcd935a45d4da0ae41a699d5,0,0,0,1
0x0108e5521e54394cacb22d664ec9722e52355e31,0,0,0,1
0x0152b397bb4996c12c3df253f11ba203ea05062e,0,0,0,1
0x01951fdd9581f7de3c54c548e4513d8bc66e6f62,0,0,0,1
0x01f67cd5c0f65c52997634427123478fe88f5214,0,0,0,3
0x025f8b2847bd9b8ddfbe8f31fb30c47e1c6cf8ae,0,0,0,2
0x0266e44077b967b34b356b5a49d04182f6e858c8,0,1,0,3
0x02bcae8ea88e5c8dc28220d5f9ddf9a41844d0aa,0,0,1,0
0x035da52e7aa085f7e71764c0c8a1ce6690e3dfef,1,0,0,1
0x03dd03913bf16ee65f0d6b27bdfeb149a1239245,0,0,0,2
0x04097e13fdc61757398bc46b821b0db14797f0f1,0,0,1,28
0x04a44106593cf0d4bf49844ecb47c29c21909711,0,0,0,1
0x053387fe5c3d990510c0069842c4c77069adbc55,0,0,1,0
0x05870f2219500b71d3bf275cc6290b2cc543a0a3,0,0,0,6
0x059d9328dbdf2ee7a71b412915e573bee74be660,0,0,0,2
0x06432059316f022c889c311578efcc2ef4881c7b,0,0,0,1
0x0656b7e7ddf24916820a55242b1a491aeeb13ea3,0,0,0,1
0x0658c09ebe3d5c36e3757c1706c3e7b05629805b,0,0,0,3
0x065fcc95d6e0ed8ec1ff63f74cc9a80b2e40af9a,0,0,0,1
0x06f5b6243499a6f19c93fd44a92c80b7dc2cd3ee,0,0,0,1
0x0702d852395de14f19d2fc83f9de717325a2f71f,0,0,0,6
0x078e8b010c2dcbc1d386a8e3dfaffa39aa7ccb65,0,0,1,7
0x07fd289907406ec8a5b9919c856c6681539ca25f,0,0,0,1
0x0853a97f8758df5e61b0c5e0aa85812b7bb766bc,0,0,0,1
0x09280340849e66948149804cac539cc7227512be,0,0,0,1
0x0959e0fb2b623aae6504809c1c1f54a8f435f434,0,0,0,1
0x0986d3e8bcf90fe640e876fd47f7052f21d57d4a,0,0,0,2
0x0a24796710ef699a88323a261a744fa0440a3258,0,0,0,1
0x0adcdb1a15f9f1a5436dd4bf41b6251a769e9e94,1,0,0,3
0x0af273634b07caa533ce2b9135d960bc6841dc67,0,0,1,0
0x0b20bbcdee2ea26a6c6473c63a529d9d37248cb4,0,0,0,2
0x0bb0401dc17670ba7221b10ba1af05a44a50bfde,0,0,0,1
0x0bece63501fc28cb3a1e7e99e385a8c79c47d08e,0,0,0,3
0x0bf9c3bb9d0031999f699400fe806ed33119e983,0,0,0,1
0x0c2191daa4a1c7f2ba4200ca2287ea803c597952,0,0,1,1
0x0c6307c68a0eff409da8b01f61c86837f0cbcf40,0,0,1,3
0x0c90a9d2b0f573c21c499ddac720e2c6e2899f7c,0,1,1,2
0x0c9a46569e9d9618b0400287021ffe9ba44d7628,0,0,0,3
0x0da5ae3d06c38a6eefc5a0292a771146d959737e,0,0,0,1
0x0e6795baf5d351500d3d7ac8f64ef0aab5ea6104,0,0,0,1
0x0e83a8ec92495213163a4ad285d801d8dd7628c3,0,0,0,1
0x0e890331366c0668ab6433089dfb27b09a7702f7,0,0,1,3
0x0eb7b320dee0342b8ff2088467a06804f78d31a0,0,0,0,3
0x0ee5fadeea89f87f0583fdc9bab8d74b12df4c00,0,0,0,1
0x0f368c4d07b0e1504bcb0874fbebafafd543ffe1,0,0,0,1
0x0f37400abb761ec0c56653148cbed486917af959,0,0,1,1
0x0f4f5cd94a7108e51ee82637770ef8015d4531e8,0,0,0,1
0x0ff193104e333c3554264222d00aadf37e808090,0,0,0,4
0x0ff851214cfed26dfc52e7986e4e1f4053cfbeb8,0,0,0,1
0x10129ef29d7c7ce2ecec0feeb0ed0b8c20210302,0,0,0,2
0x1038279da4329c07cb0d0fe55bf60a07b6d6928c,0,0,0,2
0x104484d4e7136c2271e268d9a6d004611d5486b6,0,0,1,0
0x105c17b3ea44d3d40eb911155016923eb92e7dd5,1,0,0,0
0x10bbabb4e0f5419ab3bde26e03b31b749c0d05c4,0,0,0,1
0x10e14ba1a50378a29e51ddc18f354523dcf67a7c,0,0,0,1
0x10ebfd31be8021b8715959df2a8ad77f9965f6e8,0,0,1,2
0x110fedadd1579f56b24b0620ec81758d2a8917c2,0,0,0,1
0x119a6fdf7774024d96391064fa37ad2d598591d3,0,0,0,3
0x119d060d7cc80cbc753f13c2f581f3421cd94aa7,0,0,2,0
0x11ad9bc0c12cedf3ae74d10a221d056f0158f00f,0,0,0,5
0x1256af2a8a745f73685275cc6cce71e94b48273e,0,0,0,4
0x127b7051810fa34530a10517eed669fb2935e900,0,0,0,1
0x128b79937a0ede33258992c9668455f997f1af24,0,0,0,1
0x128ea2ed727836659e9251d6f27785a25d1494f5,0,0,0,1
0x12dae7531e44a96682a7d6234642ef601579ad10,0,0,0,1
0x12e534ad17062261e061a00dfdbc2448fc8489b7,0,0,0,1
0x132ee3678e0333dda798e91f51a16873a414008a,0,0,1,1
0x1348100440e451cca0e11609a5a558c5b4399f22,0,0,0,1
0x13718b5e63782bf4a7b1fe2aa933bafa5131cf0b,0,0,0,12
0x13b9012f7459da7203256909bcb0d3fc1d78e89c,0,0,0,1
0x13c3fe624559a20e2d06702259b5e3a3990936be,2,0,0,0
0x13d38b9ffa100769eb57d6a7b24f8aed272c928e,0,0,0,1
0x140c56fe1360618da25177db0e0de44ca4162458,0,0,1,1
0x14200e5a1473b668817c85936ecd4f788f061873,0,0,0,1
0x1422aea3cecffd60ced737a290eecf8637dd4fba,0,0,0,3
0x147f7f66f5fa2050bfd9b36510dd85205bfac800,0,0,1,7
0x14b9837715f322b8c515efc024efa2d397b75605,1,4,5,1
0x1549457a9a7215d9ac020378d60396f7a9adbf6f,0,0,1,4
0x1582082b365af72ab94833cb24c0c19f1dc07e3b,0,0,0,1
0x15c4a842ab1fba2c4f3dc41f83939ed17df109bb,0,0,0,3
0x160d3a8ccb081c04497c8c5e2eb2d1ef572a0b56,0,0,0,1
0x1610d6a7b14bc58d302217e8158e8fa6a0ae6e0a,0,0,1,0
0x168fc6735f2d16955ceefe3c326b58f2b709ad4f,0,0,0,2
0x16a0868962c77acbe58c4dc7e0c4fa7fc33e912b,0,0,0,1
0x16f3f59337572be400757e9e8643155274c4a097,0,0,0,1
0x17325c6172531bcfaa75f5a0cac6a640148cd5c0,0,0,0,1
0x17693eabb8a55fc6f4460ca34a64ed93f04a3d13,0,0,1,10
0x17b1df1224b9d8f67459cb76504536b5ca2eb6b1,0,0,0,1
0x17b7c88c6b7b6bdaa86218a2aecaaec45941f97a,0,0,0,5
0x17c5654e6b88ad551053d33813262d3e757b3074,0,0,0,1
0x17c6c36ce1f48c1ba61e1668279e79bbeb6d65d5,0,0,0,2
0x17f906c18856b0226d9632382da26c973eeeb59b,1,0,0,6
0x180d1994a0d0ce7c3f1490cf901133c2623f57cc,0,0,0,1
0x1819d92211767baf387fb0ccaaf318b7dbacdd0b,0,0,0,1
0x182e8141cb85df2199445ad772b0328ceeff7b17,0,0,2,0
0x1843752b173bef08293a3e823406759c61dceccd,0,0,1,1
0x1846b97da352824b963a0c2e4829981259b4179c,0,0,1,0
0x18dbfe0b18a1343a22066c8d2577378fd2f6b25e,0,0,0,10
0x18e6f71b0dbbad88fed1928434b99abe1e35355e,0,0,0,1
0x19027aea80d1f55758ff97c5e0db02e1fec4ff82,0,0,0,1
0x1927ea92cf6fead723dd65966c63c430b79ea06f,0,0,0,1
0x1962545e383b1160cdc6bb8b95bcd45bbde605b3,0,0,0,1
0x19bc08883f90ef64968e9cf6374e1d9c5c907be3,0,0,0,1
0x1a01536ee201b0544cf349df7055e2036af51501,0,0,0,1
0x1a17d14d7bdba5e016db735081f98b614ba7fd98,0,0,0,1
0x1a3c04bcf30f4ca17eead95fbf6f990dd38cb206,0,0,0,2
0x1af26c320f1598a6f447256dd75c3f34d736079f,0,0,0,6
0x1b00c30dbc282bb4a7a29a142cc0d1731925a9e3,0,0,0,1
0x1b1bdf1a2f1a3cbdb197f4ed2c67de026ca34dc9,0,0,0,3
0x1b7d37471fb2c53312cb597dda8296f0e651185a,0,0,0,1
0x1b96d78736c106e8a90997b4c8ae7b2112d67d6d,0,0,0,2
0x1ba13a49a1843e2affc9ff88ba8c3c0339a3b2e3,0,0,0,3
0x1ba8a2678038a0f4db67904d9b5d99bc2784d06f,0,0,0,6
0x1bc0db5b5a097c4ffdccde659549e084bb66516d,0,0,0,1
0x1bc6ef3ba2595e41f9ddc61f94a1fefd4596e824,0,0,0,1
0x1c0350223f7c067ce815ca894b09d4c345709bcd,0,0,0,1
0x1c165666a5ac6cd8475a63d1857b8ebde2b9e7dc,0,0,2,3
0x1c426d093ecac51d60cf6176ffef2f267c67e792,0,0,0,1
0x1cb8faa5d57c5d749bf143475af5375bcb348368,0,0,0,1
0x1ce8c5de0d0880174eabb6ab3c43e4a8f98419db,0,0,1,2
0x1cf3097a3a9551c8c4dffb8373e7c2355856c0c4,0,0,1,0
0x1cfb47f328fd6e89e8eac9022e32922dc9ad0469,0,0,0,1
0x1d2d15a3f08b690b5d97d32416aa6dd10e300744,0,0,0,1
0x1d7b92cdc4ee89c8cfb2e6849db654238349efa4,0,0,0,1
0x1db669337a4ba132a81caa2dcde257fbfaea4cf7,0,1,0,7
0x1dc208cb3745b7762af6eab44ead77c5ad9e5826,0,0,0,1
0x1e1a26fd09dc080af84571836d5550e844700975,0,0,0,3
0x1e3c0c76f7e6f9e2a56a52c2e53d4e0663b63817,0,0,0,1
0x1e49515f9233e5c5865453f0dff9d346dcc3b261,0,1,0,0
0x1e5abeff9c380edd381c99365d976bdf3919e76b,0,0,0,1
0x1e8220799ada6f258107c1c6a24a1092aa039bd4,0,0,1,1
0x1ecdee4265c1bfa2d3f46c623df04f25e9603aa9,0,0,0,1
0x1f0f6669b68172228593186b582af533b0659eca,0,0,1,1
0x1f1d8d9b4bd526441ac72d9bc7a95281c6616802,0,0,0,1
0x1f713d04df03b1423707a07a035c260a77dc02d9,0,0,0,1
0x20a3758ab415cf360306f70f71edbb1ac1abbfa4,0,0,0,1
0x20b3eecd02359ffcdbef23d0cf58cf52a5a5f7f5,0,0,0,1
0x20e09563a0c969c246f8a203060ae429ee9ca2ba,0,0,0,3
0x20ec02894d748c59c01b6bf08fe283d7bb75a5d2,0,0,0,1
0x20f782d468f3581cfe433bb1ff56f700c177fc5f,0,0,0,1
0x214e76db0896cb3672886c191a1ff92ca32a0c6a,0,0,0,1
0x21743ae9bbba29ac5ae4c06fd3f3497dec86d3f9,1,1,0,0
0x219fe50508c83c57f55b55c897b91808dabfd7d9,0,0,2,1
0x21dbeb287b8a29049246f9903d7b93484f6c9c84,0,0,0,1
0x21de8a15ba7255adffc56daabdcc946b7bba64b6,0,0,2,4
0x21edd676e0adbbcf4252b53ac87479a65dd5afa8,0,0,0,1
0x21f6811c944ab18cf630098a3a3e07e3f2fc26b3,0,0,0,3
0x2212238e2ca9f003cd2c6ea780ea5467cd7cffff,0,0,0,1
0x221af81addfaef129ad9a5e1aae643fd00689b4e,0,0,0,1
0x2250ab70d43da1cf27b7439a7120410ea0c5befc,0,0,0,1
0x22a8d74306db96ec49c91905fb6f9fe0e8488845,0,0,0,2
0x22c36de6ee532eeec6bed0eee81ce32de3b5c38b,0,0,0,2
0x22f92708db3faaa54752d801a00bfbd8b02a46fa,0,0,0,1
0x2304ecc3496344df06a5d19b02e251b8614c2872,0,0,1,0
0x233f9e1b76d1b18eb8460284d25aea823a599ecf,0,0,0,1
0x2388c724e350759ca282b2133e4c2f56ded60cd7,0,0,0,2
0x239322bc177feec172d36411c73ffdf395e5c65a,0,0,0,2
0x23a724ad78b134e829f7ffee8cbb0c665ab5ce99,0,0,0,2
0x23d7a6c5044d6cd284b32afa7c4ce69344bc0e3c,0,0,0,2
0x23d998cffcfc4fa71f1df2f113348143603c6c54,0,0,0,1
0x2436c10dbad45277f1aed3bc0ccc68a4d6deb116,0,1,0,0
0x24452c7b0ab37528ea48f5bd8ed688c0e7661684,0,0,0,3
0x244f902b9a451f4601fed7221042d569b1d579d4,0,0,0,1
0x246c30e11cb240738663a04e102f5704988d56d1,0,0,0,1
0x24e6063ac956d2b3526efd763caa074f8f7630e3,0,0,2,0
0x2504997193834aa444ed56439afb6e1209cd9b56,0,0,0,1
0x25755dbf2c7e206c4f33fc96e78a4de19af97084,0,0,0,1
0x25b110ff4533f5877206f56dbfb12aff27e38234,0,0,0,1
0x25b12eea057708adcb521ef7da0d4112523372fa,0,0,0,3
0x25dfe862d44e732b1fac664787947f01eb955646,0,0,0,1
0x263736e5c9983d034c7b91a70f4621e10e9dada9,0,0,1,1
0x26da81df6112e25c94bc2f3874089ca19f7a1dea,0,0,0,3
0x27243dfacd64e698220c963292263268015047da,0,0,0,1
0x2740e46802f11609be81fa41a033e797ba59ce91,0,0,0,1
0x274e63cffa39e1e69059c6ac7cd39ac4e3671c68,0,0,0,2
0x274edc2e7acd9b75d78c57cd1ed6426c9d07669b,0,0,0,1
0x2758e26a080c2d25af29f61c304a05caaeda9d89,0,1,0,3
0x277c22468e2339e1414cd67f60c3f31273d11e0b,0,0,0,1
0x27db21a0e11c40d530c0d82736cd904c437c676b,0,1,3,13
0x27e85aa89f087555ba5f2f5ca580167d40b40b81,0,0,0,1
0x282594dc8d8f198c7ac320cbb451a01fec5737e5,0,0,0,1
0x2845d46d45ebfe957ba8f5aaf94d934ae01009c4,0,0,1,2
0x2846b240bb393f0fff503238b3f1cca9e493f71b,0,0,0,1
0x2850d8d5957e96bfd7e3c2cafc755def82e0890e,0,0,0,2
0x28703d0414cb7a0aa6ce605e7193c1d6b619adb9,0,0,0,1
0x290e7dfac009046694e510865bbcd542815e97a9,0,0,0,1
0x2999e9a36b6f0c01f618be071c2a2a9cd760162f,0,0,0,2
0x29e80b2a0325e6c6eea4bcd2e8df0cf7b46063b9,0,0,0,1
0x2a558197cb14a95105a2c6b73e7a24036e2a7881,0,0,0,1
0x2a81e4091731bc25394ec4a8c6dd623301f6b558,0,0,0,1
0x2ae0906897a3fea08953794f7a04869d196e9c08,0,0,0,3
0x2afc032aaf6d7ead33fb05f9d42d874874dfb9d1,0,0,1,2
0x2b2e8883b5bfc8c75497cee752ff4c615cad7d36,0,0,0,1
0x2b64251df4968745033e79c04ff84e89c0fd987c,0,0,0,1
0x2b8bbc00b2aba4e7675767b91f4b35a49fc60549,0,0,0,3
0x2c7abbbfa09aac88c09bf0f8a4e88e0c94932cea,0,0,1,0
0x2c7d13f6dc10624b307ca4bb8632c1b0499fec93,0,0,0,1
0x2c83b2d73aad8ce31158b582c2639b19e037f55d,0,0,1,1
0x2d12db57554f0dbc18247d1caedc73dfb1d93786,0,0,0,1
0x2d2cfd1ee64b38780b2ca16aad760be87582845f,0,0,0,1
0x2d7b57b85056d2310762d62c3a6f164dcf2f2375,0,0,0,1
0x2d93ee301224642453de46e2fcca68f867e03e07,0,0,0,1
0x2e0aaa9bab78fdf4a050b2c516a50524cd45ed07,0,0,0,1
0x2e1a01a9a71b946e50a16be04bb150a0d9c3b0c1,0,0,0,1
0x2e90a7d09be24b5cb9cb4da58a7dc0e01ebec4a3,0,0,0,1
0x2ebbccdab41b0312cf887a5a4e6a84a0de1002c7,0,0,0,1
0x2f919f0eb53becfef31033cf68f23a57723a27c5,0,0,1,0
0x306a34eeb2a788c7f7f55a93c9d65da49a6c9045,0,0,0,1
0x3095d1c08ee2bb66c8aa58676206305ad4fe1617,2,0,0,7
0x30b5ebb4c5de478dd38a550a0f45d61184fff4b4,0,0,0,2
0x30b8a7be4d968b33b6387a9963246dd039e4438b,0,0,0,1
0x30c28f8826440fd95052c227ae9a996c30075f27,0,0,1,0
0x312289ab0067d60c3e1abc24f7aa9ccd9afa9436,0,0,0,2
0x31dca2890a3587206381f27a3057233e183f0610,0,0,1,0
0x31ed48b5a1aee896b6f264f8b12f76b108de4d29,0,0,0,1
0x320e1325ea6d927700ab0eb0810786343b85e855,0,0,1,0
0x329752d18c51df5b182ad445619cb4028b1fa790,0,0,0,2
0x32c6b9a1ac60c9314cb52a552e5f453289c85ace,0,0,0,1
0x32fec0846f024b742cf2b4f6473ae2305214a124,0,0,0,1
0x3318b6c5de0ea5356b1228f9349963760502807b,0,0,2,1
0x332717bbe96c550bec915b6ab6215cf6eb007073,0,0,0,1
0x3341680f41a2e2405a7a61cfb020a92e94af4ead,0,0,0,3
0x33621a2f2bc15632590c265985a10693bf5a5a93,0,0,0,1
0x337ab2c4e48b8b65da792c22665282184f9e5aa8,0,0,1,0
0x33a9986d3943eb43529360f0ff65264158bb6791,0,0,0,3
0x34529c335eb08b796bf7fa44e793913a9e798ab6,0,0,1,0
0x34db2dfd1f7a43c3ac73991771bd2ccf7471c164,0,0,0,1
0x34df59bd0554a8e0d87c2af62adf5db78e7559f1,0,0,0,1
0x35913357fc1f1404449dcbb9fbb962a78da52b59,0,0,1,2
0x35b8b2c19414536f76331af548ed4d1eed8455d3,0,0,0,1
0x35fb4dec55df992b3d132938a884d363292d13b8,0,0,1,1
0x36430077cfc123d8fd229a5d7ac041657e3a7dda,0,0,0,1
0x365e6e422f4b682586ee34b061cb1e38ffda7968,0,0,1,0
0x366c0ae1edbe7c648bb63fc343910b4e54ee5f87,0,0,1,1
0x3676cfd3e0646c28f79222fb2414b63139ff2bd1,0,0,0,4
0x3697d4ed99ebd54d2c3fe60ac8902e1db642ec69,0,0,1,2
0x36a18bb3900e1ca70e2054e346d83d21847ec8a1,0,0,1,2
0x36b921bd2015c14f2a18085d20c39de765f25f6d,0,0,0,1
0x36dd9e44b64751a4a39609976be37e83da2126a9,0,0,0,1
0x36eade2216ff83ea5035a221af8e79b6551c626f,0,0,1,2
0x371fa6eb9c1cf2802788543845ac807d04d6d2b9,0,0,0,1
0x3725354b144835d529208060b3228ff07b6faa59,0,0,1,0
0x373ac4a47a26c37c4f6bf2a8b83069bafe5eae0c,0,0,0,10
0x3745792ea93ed872f0d158f7e26edee303f38907,0,0,0,2
0x37491c29993946869ea238ab5acf0573da936ffd,0,0,1,1
0x37769c5bdd7a43b0b52958ca51bdace1556c96bf,0,0,0,1
0x37ca3de6042cbd14ba2d26f67da37cff1d778602,0,0,0,1
0x382f672b95ece16acf684ce05eb9665f826ff10a,0,0,0,1
0x385e3f1bcfe31123fe440cd405c55385676db099,0,0,0,1
0x38b73b05327bfc50db7d62dd6562f7f95710a8ea,0,0,0,1
0x392f0ea5426f1fb028aa2c4028b9ada6d46abf00,0,0,1,0
0x39320315042136cde18559df27850c3886c973ac,0,0,0,1
0x39afc3be9ddfdfb25165812cb7813fd3e0943102,0,0,1,4
0x3a8684ecf13ee46022827fd33e2a77ef40392e15,1,0,0,6
0x3aa7f877e0850de8b5678438a5439bf4b17c14c6,0,0,0,1
0x3b377961d64dc9a85abbdd28905d225e67e36e61,1,0,0,2
0x3b45a34b79ef59100d1a04f6b904a6a97bdd141a,0,0,0,6
0x3bb1b84a7c67ec2abf80c531d16dd44c28d0c22b,0,0,0,1
0x3bb8bf82794a51f690fb6ae0aa40eab0232996f0,0,0,0,1
0x3bbc7dd3b57ea725985bf0da33adde731f4c7295,0,0,1,1
0x3c36b53f58e9d114a46c992ff3f6c8e03184eb97,0,1,0,0
0x3c6d0444ddc4956676ff97531de7488e92ed0048,0,0,0,2
0x3c888d9f8c18535f543431abd3fbd982aff0ddba,0,0,1,0
0x3d6d6af81b1e3f7adf881fdea25d834563e8818c,0,0,1,1
0x3d9863e3755c9de2666462df2ba32217293b0959,0,0,0,1
0x3dac2a372b3630b418ede3bb9230d9906e5a3638,0,1,0,0
0x3dc8f269712bf7dd34eb39942c2632998b10ae64,0,0,0,1
0x3dc9ac91c124ddfec753d3aa6fb3a2fa91bb53a4,0,0,0,1
0x3e32128d75b446e84225cde8ce60e4ea7cb29cf7,0,0,0,2
0x3e773ba543804a6d3b2a86f40d62539181343d73,0,0,0,2
0x3f0ab18dc49e9faa1e1ab2e4fa78a155e1529ae1,0,0,0,1
0x3f3361d0e96c3195905dc6ff4e925c29e0a7e0f3,0,1,1,15
0x3fa692d63064c444149f0d25c29598a3f49703ff,0,0,0,1
0x3fdb221b1ea9da72aa490fadef83071582626acf,0,0,1,3
0x3fed4a92bc35ac4761c66a68c0dd6c90336bb8ba,0,0,0,3
0x3ffb1d6cf49fb27a9ef032bf6831daa093b7e814,0,0,0,1
0x40662d047e28735fdca4e39838633256edbec4f3,0,0,1,1
0x406bbd4b112e77d7091e36c23b92cca918b5419a,0,0,0,1
0x409841717f70be601b905f71f50feba542311ed0,0,0,0,2
0x40d6cc4ad15707844b320b1d3815e0f0cf09ff30,0,0,0,2
0x41518f271eeaabe0c00a6bd0372d7e43187d1b7d,0,0,1,16
0x419a6fadc26eb9a64143a93dd417d5300aa81d4b,0,1,0,0
0x42880bae04524fa53800bd445676dad952dcea01,0,0,0,1
0x42d3794af0e2034b2df062f6f59b5424e9bb5e27,0,0,4,19
0x4362bf7a3109c095cee296149ca8948c202648a3,0,0,0,1
0x436d06a1854f31f07d8f69263c063146c9466471,0,0,0,1
0x43947b3aca62ea005ec34a0f9c2c29441901ccf6,0,0,0,1
0x43d4f905596ca14d57f2ddd4e06907183a4759d3,0,0,0,2
0x43eb77787d918e1611ddd898347e21071b525184,0,0,0,11
0x442290e6b3457c9c53023bd0fb19ff15b3e37085,0,0,0,1
0x4442741800b3f76d5b9b3daf8919582e1c25dde7,0,1,0,3
0x445f7387ce6ccedfbf6c5b2d2b41bd225b250a76,0,0,2,4
0x44744c39bd1c5f4a81ff929a4f2680678e3aea59,0,0,0,1
0x44887acbe927be295d3c8ab06797c6c322bc9cb2,0,0,1,0
0x44d877d6a55cd515e0485f052ecd0c97cadb2e7e,0,0,0,1
0x450ca4d55f45a4e833da5b5011092e4aa180a96a,0,0,0,1
0x454d1ef20206fb27d5556843dae2b29d11b48717,0,0,0,1
0x4612e91eecde95b9a18cabfc488de7c2f859971a,0,0,0,1
0x4692cc24f01956d977e34240648e98c4a2303e39,0,0,1,2
0x471035428ac2467a6c0d7b71e5d0decb62303a97,0,0,0,1
0x4738c8b9e0d7b48db4056bf017d2f90b2319630d,0,0,2,4
0x47a5be22bf03d00cdcdf842d12d9b16f5fec06bc,0,0,0,1
0x48910bc7596dd69555d91659458c71c65cc3a4dd,0,1,1,4
0x4893ce4d89f4d3626e9ce9dbfd71a2d315a774b7,0,0,1,3
0x48be562c80e0feea3243e89a577cf503ecae5f15,0,0,0,1
0x48dd4f73a8b83de7c05070bae3cb849b0ef5751c,0,0,0,1
0x48ef89de42f9c6ba81ff4f6aba78bc1ca827c7ac,1,0,0,0
0x492ec1becc266412302a38f0eb177c5010b83c3e,0,0,0,1
0x49818a17f617f14a857a2a97ae69cbdd666e802f,0,0,0,1
0x49ab0de9ea53303a7f1f40a3a214f51bf8682ce1,0,0,0,2
0x49b50967ee80e8d051c5aa4e9b2960f23688e283,0,0,1,1
0x49ca963ef75bceba8e4a5f4ceab5fd326bef6123,0,0,0,4
0x4a177cc32e4fa3a9a832225433fe8ecbe78122f6,0,0,0,1
0x4a18ce5b79a1deeb00088275d4aa9221e2e45d9d,0,0,0,1
0x4acd299d5caec0e0393c7fcd3f842be030dccc99,0,0,1,2
0x4b078a87bf7e66b20ad55506686bdfbb958faa5a,0,0,0,1
0x4b3a9dec9f74f7c2ea89a64a39d9489bc87fc69a,0,0,0,1
0x4b688c3259e87882e60da0ae996db7e554e1947d,0,0,0,1
0x4b869cc937ccad3f14d6563a71e826b1077b7916,0,0,0,2
0x4b8e392203669b6af7bf4c8bda57a7ba1c311c80,0,0,0,1
0x4b92230aadcf707867156ae27a9d0921897d12b8,0,0,0,1
0x4baa5baf2f9ea75058368e147933251d19a3d3b5,0,0,0,1
0x4bda9762e74d29b5b52df1c6b0c1f6e5a1dd91c5,0,1,0,4
0x4bf0983a966934402881644c58ef8a72aa27eb15,0,0,0,1
0x4bfeb190faea0282156e948a238ab590f0808eec,0,0,1,6
0x4c3b64afbe21391f1e6f475ae896ae160ec9200b,0,0,1,2
0x4c795c414a427a83c6692d85edbc5c2cc9fa440d,0,0,0,2
0x4c898f841286f37be60aaef88ccec0556373f2c3,0,0,0,1
0x4c8a6df9b058b8a97b8513d6a0d6b644293d3d15,0,0,0,1
0x4c8cc061c1315d096f186896ff63093f35f42fc9,0,0,0,2
0x4cbd18eca54247d1daf76f05037446b9d320a2e3,0,0,0,1
0x4cca17badab22999839e2590485478410f307c2c,0,0,0,2
0x4cef0b868edfb72be29dab9b23fc1e3eed7cd2b4,0,0,0,1
0x4d2f01d281dd0b98e75ca3e1fdd36823b16a7dbf,0,0,1,1
0x4de482e51abd1ad981dbb289e89c4f3fae852723,0,0,0,1
0x4deee9e3dbdbfcec27c3e2ec004f551c12412a45,0,0,1,0
0x4f5036228180bee071b37cc4b439356f95704815,0,0,0,1
0x4f8e05acf588413d95d737b027bf7650b5479dca,0,0,0,1
0x4fc7ca9d3560614cedcf40096d77f9916fee73a8,0,0,0,1
0x4fdb01c4ff428460d1a2636528a88338cdaeaa41,0,0,0,1
0x5059c7e43995d290acd71c027601c61268f93ff7,0,0,0,2
0x506a1d8cadbddbab6cffe3760c38d9691234c048,0,1,0,5
0x50a91cdcaef67a1be2784b5fb4cb2c9523387061,0,0,0,1
0x50eb0dc1c7a7c30576e34a221b5d526733ded74b,0,0,0,1
0x5189b9c50fa75137ee4a22aea22d0aec8458cf34,0,0,0,1
0x5196173a39b027ea6b967e1fee462afba41d117c,0,0,0,1
0x51a7c7578b0f5a6df3ca0a877da5bc4b8214d8cc,0,0,0,1
0x51e51a9e051e5e1ea30221686cb8fa9da0d46c80,0,0,0,1
0x51fc583f59f3fc3ac6ca512069c2a02760c02eac,0,0,0,1
0x5208db2c5a903b1986e03d967cd7459783f5b5f9,0,0,0,1
0x5232d18df504d20242219c54e3c901e2e479465f,0,0,0,1
0x526cf160f2a47b1cc1e5019dade58a1a1df6bed5,0,0,0,1
0x52836b88d28f4fdf36076253e65f24b4d146f9b1,0,0,0,1
0x529ad619ad25892a6e6112102326d6774d30bbb7,1,1,0,2
0x52c984805240d4f98ed6a56a4d421542dd4cdf77,0,0,0,2
0x52d74c095d5d99ddb374a1b6a2d13b05116ebb04,0,0,1,0
0x5320faf38ea7052896576d9b2ec2507519c13200,0,0,0,1
0x535b02b47d5d0d8b08ce93066c0660f717694998,0,0,0,1
0x537037c5ae805b9d4cecab5ee07f12a8e59a15b2,0,0,1,2
0x5393657c551484698beec922b9e40bf5c0b1ec47,0,0,0,4
0x53a09cfd8a3bdcf0445d144eb7375a4cd20a6361,0,0,1,2
0x53a5a3ea10741c12feab67c4f071a91b359bbd97,0,0,0,1
0x53b2d933e6a7b978d75ef5294d61f9f69a5cff38,0,0,0,1
0x53fad1623bc32399dcabcc2164e57e1bc549593d,0,0,0,1
0x543bba29d7cf8dab00d0da3a86ff1c6c5b4418d3,0,0,0,1
0x54460097c12e612f0f007756eadd66d4e65360c6,0,0,0,2
0x5486503d570575d12d1c4ee15f38f234a8992530,0,0,0,1
0x54929f4d8be7085e287585d1c7ae4a91b66273da,0,0,0,5
0x54c1a42aa00a44c311bec1f60cc4540f26c06b71,0,1,0,2
0x54c58196dea40e442ff8cc4d445bb6ae5efa1d2a,0,0,0,1
0x54d61f8c4becb9b27f70f5e1b752eb3c87cc73ca,0,0,1,2
0x5524109b837701ee6ffb20a348b9df6a2956af8a,0,0,0,7
0x5552c2f72702c82e25d3e6f46f0cf6b13ee0bdbd,1,0,0,1
0x5554261b8419207d9b6b3013025d33e5cc998ea2,0,0,1,0
0x55630b088885fce6bd5a4c28f6adcb6f6d0236cf,0,0,0,1
0x556672afd82648836847c23fe73f38c5ad1c5b95,0,0,3,1
0x558a18f94cabdea4e47c5965384f457d8e870419,0,0,0,2
0x559dccec80c6b9317135b1202dd3737545304771,0,0,0,3
0x55ea3d952cf89da45272d9eb9bb45b46790c55ae,0,0,0,1
0x560b6f11fc907c9f682fd3930b1ee10c6ad144d7,0,0,0,3
0x561dbad60f6e909b9168b46b2969f6f273757773,0,0,0,1
0x561e059521b78f50bddb0a9feb89e5a467019705,0,0,1,0
0x566b3451cb38eb9039f98517aa85ad2150f10995,0,0,0,1
0x567544e1c20df3954cca5536f53b2c24f1a73cfe,0,0,1,2
0x56898976ec8e71fbea19dc7d7a0364be69e55252,0,0,1,1
0x56ed93ea9f837ec1cc27eea9c2e3f1fc6393f57a,0,0,0,1
0x56f79d27a1dd42097532f832266f43de05df065e,0,0,0,4
0x571aac57ec5b863ca3e31eb28bdcdf3d45a9e387,0,0,1,2
0x5724296851dbe1a91d3c36add8bb11e74df06098,0,0,1,2
0x572d6f0628ef555061932f85687c9f8f85505ed1,0,1,3,9
0x57808423f5316d5ec977a0c0890fa8b8fe1775ce,0,0,0,1
0x5789e75edfa9bb51bc05ffc9d863dc2c29bb74d1,0,0,0,1
0x57c23663ec64443fb31bef58eb59adb85acbc49e,0,0,0,1
0x57f3793792d1541421ac3138da3e818d108c35d7,0,0,1,0
0x58002d2020d406105a82339e6f9274ded3f58a4a,0,0,0,3
0x58205d3c5c77a7888f8a6ddbb2f225990f3a8fda,0,0,0,2
0x58bcccf3082abc29e6cee234c481f41667ae47e6,0,0,0,1
0x58ed732813c94b6dcef79bb35ec1a6688d65e38c,0,0,0,1
0x590195abc737a5eb7c3bd391edeedc10004e0171,0,0,0,1
0x59211f494bb77b42fa29c0829672f256c124fc0d,0,0,0,1
0x59951a98a6838d660b8df3f29d05c8ba3daba03c,0,0,0,1
0x59d76790f4021746d43b615caa55546bfb001c17,0,0,0,1
0x59f8ae0934b9e6a2fa9c81b10bc19518161f22a7,0,0,0,1
0x5ae0103817f40fbe24778658e73aeb85055f8807,0,0,0,1
0x5b64c5622d087fe63b4d44390e2624d04d224af7,0,0,1,2
0x5baf00669fa040efa6f22a40078efe94ca7746db,0,0,1,0
0x5bb1c9b29d6f0edb82c04dce7347e52573885636,0,0,0,1
0x5beb2e1f148e477d59bd5d0b19b655dfdbcac0b9,0,0,0,1
0x5ce62f7fa4b8481e12cf1bf011e58507a9476f1c,0,0,1,1
0x5cfade069453adf13315141d94ab0bd4dcb79feb,0,0,0,3
0x5cfdccf5acf8c0e3ceff7a9068e8d0fda58cee29,0,0,0,4
0x5d32f9bacf463fbf4423bb4a2c795b39b77f6f70,0,0,0,1
0x5d3a2ce4bdf62dcc87ae453b1c02717212684ca3,0,0,0,1
0x5d4ffed02230cd2772ad0d2371384bcf9a4e5434,0,0,0,1
0x5d862f07aa2693987cce162b9b68dc4a895df874,0,0,0,1
0x5daef2e38b446920a5bc2d16a3d33aa36d271da9,0,0,0,1
0x5e0d40f88fefe0bd6327191768c3befa274fccbd,0,0,0,2
0x5e6696a7834bfa4b975c46ed955b93fc5cfb72b5,0,0,0,1
0x5eb0e42757fc20520b032eea8da0dbcf251e6c47,0,0,1,2
0x5eead9cd77d73995004c45c3091d2237458a6f17,0,0,0,1
0x5ef549b89ff0ef5869089dcd49e1f68d54f2eb91,0,0,0,1
0x5f05c627408c10a08d81f44ad5ce9f4c6ddc10a9,0,1,0,2
0x5f12e4bc83f7f6430c1877af1ff296b33bde256b,0,0,1,4
0x5f9a28ab34e4826509a9dc9c700d4e4fbb3cc17f,0,0,0,3
0x5fad07b3cd06e4266714feada95430e2888d5032,0,0,0,5
0x5fc5763f8aa39b0fc9bfc47c029d0ba099879c8e,0,0,0,1
0x5ff81df22d00fc80f2c030258d474d92aa3179f2,0,0,0,1
0x601ec21fc84fe7e193740c4c7ee6801ae9ac0844,0,0,1,3
0x602ec39968ca5f184c967e51fc97923fffbe29e8,0,0,0,1
0x60ce8e4c2b43e02989268b0579f2372127f6ab6c,0,0,0,1
0x61006bdbb359b3a39106198e6ed6a31146bc9ebf,0,0,1,0
0x6112083d4bb12dbf64e4850842685aaefbeacb10,0,0,3,0
0x611455218f3b79fc52590255934c7039bfc752c7,0,0,0,1
0x6127423b0917f89c6c499c2651104e0f5199d759,0,0,1,2
0x615225205e886fd8bf060e6c0a30c12ad36534da,0,0,1,2
0x61528f0de40bd115e6b083a70ec8b664300d246c,0,0,0,1
0x6163e217f8e70f7382526df9caad3505808fc0cd,0,0,0,1
0x6168e5d0e483de3646e018225b39b8ad9f005f37,0,0,1,0
0x61fe0af973813c1c3d6d309c3451d9a3ecfd549b,0,0,0,2
0x6207d8773aed7cbf7b8f235d9e52e4e1b5e574d1,0,0,1,3
0x628eada15af981010c79f4083ccaa7ee322b78d8,0,0,0,1
0x62b491860c11f95f0ff2c5f0a59dd0fad4f07e9f,0,0,0,8
0x62cb11508791437da8524f6e75fe697bb79a8548,0,0,0,1
0x635dc561898171c41569600dbd403d5f28b399b2,0,0,0,3
0x63cc0c8c1f0c3b4235eee5bb57e9ea78107e6606,0,0,0,1
0x63dd80b83a31a1237e307091d985e79129d1f2cf,0,0,0,3
0x64a101bf2db894348a3279f06e25179355da676a,0,0,0,1
0x64eb5d3a4a5048d4070f0ffe1dba177ce6eca312,1,0,1,1
0x64fb8e3a6686ff673811e4d4acecba3f48fbc36a,0,0,0,1
0x64feffeedd84c79944c20cd4a3903d5f2f6c0164,0,0,0,1
0x655f15dd8d1d80f8d0af1f1934d02e0170062076,0,0,0,2
0x6569fffff55900b45d3e2e5f9a0b885e9d1df6aa,0,0,0,2
0x6593802875706f0da0059a9a8131aaf561e3ea26,0,0,2,1
0x659e13f5f61c5942b84e182589fb4af5300d9919,0,0,0,3
0x65adb617a25b72220852dced98c18d0b988b27d3,0,0,0,1
0x65ba4f92d7dfa813ddbd849d9faf38a723dd9b12,1,0,0,0
0x6633a4a14209d40694db630c251d1e8036663c5c,0,0,1,9
0x669f7754cd1fc586c4c0c67bc748a5ebde106f1d,0,0,0,1
0x66d50c241eb719afb243fc58173e4421811a2874,0,0,2,13
0x66dee7bbb1531acc2f4863dcf5aef20d58c0e30d,0,0,0,1
0x679040884a731069560b8c80d07e7bc5dc78fa50,0,0,0,1
0x6791d841dba81c8587f365bbc6ee7924bb3c0d62,0,0,0,5
0x67bf383f962eecc9a489dd7944bed6d831d5f157,0,0,0,1
0x67c141bfd4b3098a6b3c56828d9dc9b9fff354e6,0,0,0,3
0x67db5f0a5c231478689662174b55c3a77bb0bf07,0,0,0,2
0x68778d098091812841385a390b720b6d41bf6df6,0,0,0,3
0x6878e350e84e2101e43c4246fed3364ceb64e5ae,0,0,0,1
0x68baf947b07ae733968e85333e4c62eb72f3bc63,0,0,1,1
0x6909e31e2dbf9b1140dca85acb77224b59258a9f,0,0,0,2
0x6a0d94bdd823a4c70abdb9e557e032c4cfbc6aa4,0,0,1,0
0x6a3fd0d234dfd27a756f43b1c1430a659cdda7e8,0,0,1,5
0x6a455c2f0d030d7ec1c903e634789e947cc7df46,0,0,0,1
0x6a99ce6a80643b6995a7a4d9a182ea703734b37d,0,0,1,4
0x6ae4ae84b5f506f94e649eb6664929528d026ecf,0,0,0,3
0x6ae5107e26548d58c321f4bf2f77740d53f797fc,0,0,0,4
0x6b19445fe19b83268c1504f6b94c5bb59068bf08,0,0,0,1
0x6b56f5cc51a74aa9143629e1beb60073fd055eeb,0,0,1,0
0x6b5750f9e2c60ae6c6acacb6558760bedad2e761,0,0,1,1
0x6b9da8e3f6df4d63ecb3cf9f6c3cfb5d90025dbe,0,0,0,2
0x6c237b64c6c5943f11bbdf5511920f91a2738fab,0,0,0,1
0x6c4076ba65ad825a1b617fe0d6ff042e441b205c,0,0,0,2
0x6c958506b573db3a7132cc6f52959c059eb20c3d,0,0,0,2
0x6cc1a726e7f9f3bc5046ad7225a7f5a7280a9415,0,0,0,3
0x6cf9affefa3f52dd87f653dc85780e42682cbc51,1,0,0,0
0x6de07f39280ad4aac00a245dcaffe6a4641d6be6,1,0,0,0
0x6de5ea8b4387c9613ceb53ba41c1ded6ad2b6cd7,0,0,0,1
0x6e023a834d7c695666936a9b15f5bbdaafcdf6da,0,0,0,1
0x6e3f218100ca633b3a9a7840445c67224a7a3eaf,0,0,1,2
0x6e4ac768c555e01dda8e66b034fe6a7c4b63f262,0,0,0,1
0x6e60ef53e38857c01e7f8b1d37792a0fa19fbfca,0,0,0,1
0x6e6f736709187ce9f84953ed3ef12e3c841d50f0,0,0,0,5
0x6ec24b2b96abbf08fc5a2612e29001b13e883d13,0,0,0,1
0x6ec4d33d4b8b721713d9d2251470403846bf2dc9,0,1,0,0
0x6f1657bcf3f57eb22f64286a07d91775def3d987,0,0,0,1
0x6f1732c405ce4e644d089a5083b278d9d4744163,0,0,0,1
0x6f29ff7150a515d570484d3188b4cdfaeea4e8ad,0,0,1,2
0x6fad1a97cd546438741f1613fe27cf256b054d32,0,0,0,1
0x6fc71a8630fbe86a70ea1f7ed1172a625836991c,0,0,0,1
0x6fd04422c3abf1050ce318498f19faf6d34e8905,0,0,0,1
0x700e9b11af776fa1da44a03777fd7c41e3109c34,0,0,0,1
0x7014c1134476a87bbab16110f8678dda84d261f9,0,0,0,1
0x7029c514e7f3e436f660befbb68bdd683c43fc24,0,0,1,1
0x70db4a54164727ebaba13f7a57432434078ca541,0,0,1,1
0x711a71e1873988f8da861e57b01a7838b8068b93,0,1,0,1
0x711e06005952c3da43b3cb99cf87dd188fb72c2a,0,0,0,1
0x71822fa7c22f703fe57b72e4e2946458dff6b8b8,0,0,0,1
0x7188aae6695d7eb029540720ed48db081590f73f,0,0,0,1
0x71b84964238325ec460d6256bccbe8b6083acb87,0,0,1,1
0x71e90f54ad2e84e335b95974449e2893335ed01d,0,0,0,1
0x7214a98dc2e1786db4fdc0a0a3af3f5099d801fb,0,0,0,2
0x72245a76297da531a899def2db2335c2d7c34101,0,0,0,1
0x728b45edbba28c614d3a971aa636a406b6ae0663,0,0,0,1
0x72c6c6310535edbd273957d476c4c4f721b9226a,0,0,0,3
0x72c7b50acbe1e315e9aa6db847088f1ba9b742b9,0,0,0,1
0x731477703ac7ef44fa5a88cb109b07e638a27e8c,0,0,0,1
0x732e10bb4738fea52f43d78d231e152ca061374d,0,0,1,0
0x733062d870c8bf314b8eeab6e7908bc88523a319,2,0,0,9
0x73710cded20c4301df44b01381b0ba302cbd43ca,0,0,0,5
0x7385487fe29e074cfc5e9997d807b6d808b754e2,0,0,3,1
0x743845d173aee4fa95b03bb713c21abde0cf5772,1,0,0,2
0x7447e716cc7cb343c6a86249219d11058de71a13,0,0,1,1
0x74a54f94fb1e6a030921dc8640757360b897cc16,0,0,0,1
0x750b1c9985834b4c63b4d4ce1c36b50b364da2c6,0,0,0,1
0x751067b875177eceacd659f2d7435150c877acbe,0,0,1,2
0x7591f6e2d212b9a8e2222c31570b04f0e912638e,0,0,1,0
0x759a3982426c24fdc840f1757fd58f2348bbda67,0,0,0,1
0x75e97bb8fc702ae1b601ed29282e6aa4bfc824c4,0,0,0,1
0x766f265aa8ecd7e435a236c515b7a6d91e6ab949,0,0,0,1
0x767b77910c434489f7e4f85802aea63ca70f43ab,0,0,0,5
0x76c904058cb6b09fe50b1060d5b6d68b46cd2954,0,0,0,3
0x76e7abb2060a648643a4451824cc49a61d49aed3,0,0,0,1
0x770dc84d873b2c5ba5bfbd3dbb9d741f61d9b393,0,0,0,1
0x777a45293ccf13ed97f1f5e198d1ad5fe42604d4,0,0,2,3
0x778e6c8ff9c1e46d46b0bfaaab0df0137d24e9de,0,0,0,2
0x77a85fb4823344553b9906dd4b5505c5e50d9969,0,0,0,1
0x77afaea607b3876188cb4833b6090c4e3b2632a4,0,0,0,1
0x77f67e81e58d694529ee64f71fc64d94345d84c8,0,0,0,1
0x78524a499169a708b7d9e30b05227db3b96f91bf,0,0,0,1
0x78a6c93ce98dbdbd4ec0d1f6db17de9a6a4ae96e,0,0,0,1
0x78afe3c16fd8628128a67b627c03e69507b7c802,0,0,0,1
0x78fa30f6156d09d327b3463f0e5fb8db13d64b06,0,0,0,3
0x791a3a34fa49a185293220c316768179fcb278f0,0,1,2,1
0x7944642920df33bae461f86aa0cd0b4b8284330e,0,0,0,1
0x79a3436bec8769020451cd2b0b3aafa25b6312bb,0,0,0,1
0x79cb6b266c24647acd1084a66fdfb07d3fda7fc2,0,0,1,3
0x7a10d68f3ab67cce2eca3038e1b921df2e6b2de0,0,0,0,1
0x7a3cd1d0ef58aaa3d506cbcc349fb44bb9b3ea94,0,0,0,1
0x7a5e567ba24fb40ae5f7d06c6bad925b5a106341,0,0,0,5
0x7a7b32cf8c7fce9f64ee5d16f0d82bca139d1435,0,0,0,1
0x7b0546d5847f5d6b2f0702e9e71ac0c371d54dca,0,0,0,1
0x7b14553cf87af4d36afdd2ba2c4f54883b38abe4,0,0,0,1
0x7b2023d103a5b936981554a5d5cdea0151ce9668,0,0,0,4
0x7b2e87a535aece8e23235b8ae56628272e3d0f43,0,0,1,0
0x7b399458a06271b4f87592446058c099607b99a0,0,0,0,1
0x7b7e48d474b97fce99bf5c268707b0e4d30af92c,0,0,1,0
0x7b8fd28a59a86fe1c571c6f91587179d7b00ce30,0,0,1,2
0x7bab0030d864293f4257d738f33a064a6f58f9e9,0,0,0,2
0x7c34c62eaf0a8807e921d8942cf470a844e66c9f,1,0,1,4
0x7c3ef1c57c750a9f1b7a8e8b599a71e4cf4cc9e5,0,0,0,1
0x7c934a8c34c48c6c0ce88f5a63a8a4b022c13c1a,0,0,0,1
0x7cc15e3c2135c28b638614b082e2e17c735b1fdd,0,0,1,3
0x7cd3f2434bd6a1be034ab2df84cd8b15e55d6e17,0,0,0,1
0x7d14423bfacbe0fc535ae5406ffa6cd84a2d8364,0,1,0,1
0x7dd2bf18c61136286f6476f104fca5d3b85c86f9,0,1,0,4
0x7ded6b0c5467b0ffa19df79143237d048347941e,0,0,0,2
0x7e36a5e8ad0a44a34a94be77691d181728692bf1,0,0,1,0
0x7e7a3893b68fddb40f59bcabb6140f5023eeb42a,0,0,1,2
0x7f0ad2b1483c660c8791a3811fb24dcdb6de1b2e,1,0,0,2
0x7f3f16d40770f0f47d05b252dfc4016a04d45397,0,1,1,9
0x7fa41cac061f3545a1b355539ccb810ffe67e765,0,0,0,1
0x7fbf084fbfecca05de3a88c89dc9d64b6f6e651b,0,0,0,1
0x7fc391a82614727d6618ada9b4c25da581cf2126,0,0,0,2
0x7fd3cdc63cf777cb2fba5ebd9c552363fc46b7bb,0,0,0,1
0x803a268a1c22612088a5660ec03b25d488d3271e,0,0,0,2
0x807416afff71d415c52ff33c20dee2ed27b23cde,0,0,0,1
0x80964b0a23466fe07c43031cb8c3caebd93520c6,0,0,0,1
0x80bb1836506b465dc78bb47e9504260974e3b117,0,0,0,1
0x81735640d56c0e3bf12507b864fddfc0b585a8fe,0,0,1,0
0x81dd0ba35aa77466eeb93bf1fc904aad057feded,0,0,1,1
0x821d86d48c623511b2943f7112ab62e8adb25228,0,0,0,2
0x82689b9b4f415d60c491159a5d90ce24bb5c4ac4,0,0,0,1
0x82aa9b8a18de347dccc9e79b09c25ad89efda79f,0,0,0,1
0x82d9a697165c64d5c2a8882c04c6485e90fabcec,0,0,0,1
0x839a0df3aa4217a9435be68192330944cf93d1ab,0,0,1,2
0x840b459925527cc989d80e6fd1a82724b4a87811,0,0,0,2
0x843a7105c8a414a58ebe178fe801924c1ae47030,0,0,0,1
0x845b433e73bbd4f2e61c76f38b977df3d8c14dd7,0,0,0,6
0x845ede385f9cb4d6a85128c001c25e806b9adc5b,0,0,1,1
0x84ba38696f4f2dbcb88ec2c5f82d24a074d2e6fe,0,1,0,0
0x8566e948ccaf28e88e0d1f5d1555e9e16be03f2c,0,1,0,0
0x856bc88d40098a05b35cb40f0ec85b767d5f17ca,0,0,0,7
0x859bb10c399eaaa378a0e9dd5069c4115c082c0d,0,0,0,1
0x85be019c92b1077476cb0032a9af5e70fb6778be,0,0,0,1
0x85d265d4d6e9a1690824aa23659db3b46a1dba34,0,0,0,1
0x85f5af8a084455df7e7d8a53dd35d5e7529cd7bc,0,0,1,3
0x866459bb64297325d1b18369e83d0343afec5aeb,0,0,0,1
0x86a78823d604282bc19d540b04ce4b4c6b929269,0,0,1,2
0x86c416b892136bcf4095896a7628c704218cde58,0,0,0,1
0x86fa51bb6413283021cf2bac8a3dd040909a34e7,0,0,1,0
0x875d0e316c50b4d167167335e539a8579ddff934,0,0,0,1
0x87b675e9219a3b870df51449268b8c8c2241bf0c,0,0,1,1
0x87b71370813a81024945866c96bdeccbf694e764,0,0,0,1
0x882ab366f50d07d3ec57aea04021b881eb13989c,0,0,0,1
0x8860a8c9776878aee4e05a3eb7821b1c18e7f4ec,0,0,0,2
0x8882d18c9549bb103fe58b96bdee32fe7545b939,1,0,0,8
0x88bfd18a75dd6c99e0d122921ba94e699f624f00,0,0,2,5
0x88d9b1dd1398bf11570b2a224a925bb2ffeb20af,0,0,0,2
0x8923e90aeaeebacc78362859ddd710803da21c5c,0,0,0,1
0x8968287c282510f68d35a28943a0a2aaf355dd26,0,0,0,1
0x8989633334579c744264ac94bd29ddae9ce89a06,0,1,0,0
0x89f85face3ed7afa74126cf6b4b434a126459f63,0,0,0,1
0x8a148633e126a1d8b0eb9f13ac2f3c4bedaef66f,0,0,1,6
0x8a190c1d8608480852ab81172d17d12004139888,0,0,1,3
0x8a49241d5f7fe446346fa3c29d0805ce14333ed6,0,0,0,1
0x8a5e249ba28c6f6492778c8850ce25edd4a2862d,0,0,0,2
0x8b02e9fd89361166374a339009d495f69ba37d66,0,0,0,3
0x8b1bf6642809e5852c00be5eabbc60e0b12b98a6,1,0,0,0
0x8b9a7ef82996eacc0a1243e2104b89a31586bd0a,0,0,1,0
0x8be9438e030d9a24ede254384e5b3b30759e0389,0,0,0,1
0x8c862dff50699290a6043427d073bd4a6e42763e,0,0,0,1
0x8c99c497f19a533998d1b34db4d1bc55f3802fac,0,0,0,1
0x8cb865a3ff21f6a5a275ced4f598f846b3c74def,0,0,1,0
0x8cc9fe4f67f9b2f7422d70f3ebcfc231a2e7c322,0,0,0,1
0x8cdbba286329769115c11f3aea9228745cd0e9f5,0,0,0,1
0x8d4e54b8885e7a85f260c6fa65adcf37ec760a39,0,0,1,0
0x8db661ba18211f95869a04c7278d6681818403c2,0,0,0,1
0x8dcc55c7200df6005f7fd519b59b8f407f7a0fbe,0,0,0,1
0x8dd0198f17486d7e45c464d090a0f744c041d5b6,0,0,0,1
0x8de98220de67f095872cb8087817798822581918,0,0,0,1
0x8e0cec62f2c0c3e13de4c582a78cf5fccc9545b2,0,0,0,1
0x8e1f65356ec75fd5f09ef5fd13c2de5637d054dc,0,0,2,1
0x8eddf1f90a8f1bb7fed770393b6691dcfc43cef0,0,0,0,2
0x8f2ea7613598bf3d0b926826f8ddfaf01a0e29da,0,0,0,1
0x8f39c494b27c054639461932466efe389c5add3b,0,0,0,2
0x8f5d44918d265dcbeafd90430cbb0dd9be85d8a3,0,0,0,1
0x8f804dec80028cb5bbc5537762b27629a4ab6c94,0,0,0,1
0x8fae82ea0ff930ebbbcb0dd783420dad86e26e64,0,0,1,0
0x8fcb39b35f54e6f3498065ad5261bdcc0e539302,0,0,0,1
0x9074a6eedbc32abbffa64cccaee7e970155f8249,0,0,0,1
0x9079726b3c89c89ab9c3c7948a58a9a9ce3f80e0,0,0,0,2
0x90ff27642013f0d93651ff964ce4b5fca7dcf62a,0,0,0,3
0x917b0acbbed66a048be5a78445843d7af70d5751,0,0,1,0
0x91a8f487eb26101324bc1ce3660a97efd0185b1c,0,1,1,2
0x91daaf168be31ffff4be9705ca76a76eefe5036b,0,0,0,1
0x932089be75f03987aa507aeedb15d5c21c71de70,0,0,0,1
0x932d0be3c2b08529057a124c4933224c89f0baa0,0,0,0,1
0x9349a33aa22d6b79caed1a027747c39dd2e44a38,0,0,0,1
0x93557e55611c1fdea54534ae877d1cf33f196276,0,0,0,2
0x93962e3f5dbf12df2a6f6b3f66e43dd01d677a92,0,0,0,1
0x940a3a05a47fc57c4b818837855044c5f70a61ed,0,0,0,1
0x94178047212ad8fdcfe8115ae776726519b84375,0,0,0,1
0x941b6117f7059c484d66e8f24ed38cb40a1667cd,0,0,0,2
0x9422a6ea401863b0099f55ba1e8991c10d7758da,0,0,0,2
0x9429776673af6eaf6e83c45f0e88b4df48b01f83,0,0,0,1
0x94336659a50cfd7830fee50b7d1ebf37d203ece2,0,0,0,1
0x9444b0d4c3f7ed7731d93867e347748721ee1f0e,0,0,0,1
0x9452ab1875ef6bb787efdf6b1f374dc619c6f255,0,0,0,2
0x947d01ce6b4c7d0e6009432e0bfae20f919edc26,0,0,0,2
0x94816b47c7e306aa085ee2e1c6deb3678672c7c2,0,0,3,1
0x94f91b1e0c994f3cca868db2fd24cc5d526928ac,0,0,0,1
0x95507e78ac2cfa8d33f5c5fb1ce5a14d64cc2a24,0,0,0,2
0x95d7a30ef7187667b8340dc4a49aaa0fe1af0c14,0,0,0,3
0x960924ad1764bc1e4ebdd188b3dd8e018ac387ce,0,0,0,1
0x96293745daf10fb2b0f0cf7e1f97dd19cf3edd18,1,0,1,59
0x9695c7cee3130afc1cf39be5403a2e2b8baa2949,1,0,2,9
0x96a8c5bd6cd2d2a33f11c3cb22bfe4e3402f830a,0,0,0,2
0x96e984a867b2ee032f306de876aed3e637b3feea,0,0,0,1
0x96e9d290f0e2751b1330f7542fc19a6d45a890dd,0,0,0,2
0x97097d10f4b01215aabec7f34e6504325489b12f,0,0,0,1
0x9742c99e61d0a4498936b4804cf334ea6823dcec,0,0,0,1
0x97691d9d86893073bc5fa8f2d42283c4c02ab497,0,0,0,6
0x97afb1d3ded80e0460431ded8bf82cf5b9f0932b,0,0,0,4
0x98e71568c5029a0c8e73b96952bd20ba1659e04d,0,0,0,1
0x993a5db79a4597e71e37e3308f5f44393c0e5814,0,0,1,2
0x994b2b32530c95cd4bdac0ec0e0b41b187385b94,0,0,1,0
0x999e2687e374756af6ce1a2701bac98b3b011e21,0,0,0,1
0x99ad6c408e67a19d5f0d9197b5bcf7ed44ec1a99,0,0,0,1
0x9a1c3736778db80224ac7f56c9893804d8fa6bed,0,0,0,1
0x9a1c49bd7587b9330d98cc649a669dc70c1d75be,0,0,0,1
0x9a48127ecd24f236860a21b669bc9883a71ac629,0,0,0,1
0x9a6bbaa32f4e7967f605bf7d633b0888ee1942e9,0,0,0,1
0x9a83101f1702946bb64fec7e7e987aeeaf19aad8,0,0,1,0
0x9ad0d60b9be66c2e9c53d2a147a601a670893f0d,0,0,0,1
0x9ba9a9c5273fc5e2f9c176ecea4324a298a422da,0,0,0,3
0x9bc14bdda3b73f7c877e09926dcaa84f31162989,0,0,0,1
0x9bd6b861270fe304d2508c93cf1ecbe8c13803a1,0,0,0,2
0x9bea3c5b20c8d4e2a07caa6a1df77d7c37f481db,0,0,1,1
0x9c5d3502967d2c2c37bc0f4a65dc76062dffe4c5,0,0,1,0
0x9c89508f76931b37cc1a7ba085ea25ea125b1785,0,0,0,1
0x9ccdd09939c7bedef76835dafbfc1d79218c3017,0,0,0,1
0x9cd85e29a02d1500c6b9a12c51a89def8f2d89e5,0,0,0,1
0x9cf57e0513941c548fb7c4acc129b6a66a46d515,0,0,0,2
0x9d297f3e8518092f88739a023a3116c628ee195a,0,0,0,1
0x9d915278da1017033bf1c5feb48562a0407bfd05,0,0,1,0
0x9d937e7312900c985b065fab006bca780a844874,0,0,2,6
0x9d95fc93e4f67342ac91cc6efe64a48b74ae1330,0,0,0,1
0x9dccbcad304417ebb95ba5138732e187f515ef71,0,1,0,1
0x9e2248185bb811c1211e3a88d4a0e358f14141c1,0,0,1,0
0x9e512649417ff8f42b6b3f4cea3abd61d245b410,0,0,0,3
0x9e6831389c020394667e0da1ba1d76bfcacc3500,0,0,0,1
0x9e8a1c84522351ab7c763e532d471883fe2c63b6,0,0,1,6
0x9ecfa273df7982994b42df73ae25e58160da8c25,0,0,0,1
0x9ee3ab6c02b3c2411cae2d056475ff2043af6df5,0,0,0,1
0x9f10b8b12dd1b26edcd6f13330af49ae64d28a71,1,1,0,13
0x9f26d23159d714e37112b0362ed07310a4cde31c,0,0,0,1
0x9f2c361fc359f51f97c7da24c2425bedd81c1a94,0,0,0,11
0x9f3c44a7331ca9da2d3432bcb0df91186a27e3d7,0,0,0,2
0x9fc945ec0aa43e10853f621afea624752b807f18,0,0,0,2
0xa0e5aaccb32255d8226bfa31e66dda2c7025120d,0,0,0,1
0xa0ea8adc700fd82dcb05713ead2350a788954089,0,0,0,1
0xa108863f140f569e811c54f1f9f8270e86d1a1d0,0,0,0,1
0xa10efdd1cca36ce27bf02e51b036ff53b59706d2,0,0,0,4
0xa1336bb133b47bcc00676a35f5ba25c0323ba156,0,0,0,2
0xa15c27e46fd8fe44e4c6fdedfe1833764d58828b,0,0,0,1
0xa1e02a356beeef15d1c600e8edbe492abea29334,0,0,1,7
0xa20d5c5d8bb0a70be7ca03d6deb21a0751a02f2e,0,0,0,2
0xa23f943029bcc2ecf0a5abef6b1cdf84c0b2763a,0,0,0,1
0xa25207bb8f8ec2423e2ddf2686a0cd2048352f3e,0,0,0,1
0xa27c9380ed9c0b7f1736bd82fadf3e47a03fa74d,0,0,0,3
0xa2ec816f77e58ac95c20671014697fa1653dfe17,0,0,0,1
0xa328f00cf999db474361b457e24e8cfdbd3ceab7,0,0,0,7
0xa360fac0f289b2e1646ab0ac09d68d81417b97cb,0,0,0,2
0xa380d05ddd16f2a8fb67cac535fe0b2e400f0133,0,0,4,1
0xa3b50af38904501129ffcd5c4e7cba4ef733365c,0,1,0,2
0xa3ea9b33ce9f0f3789f24a6d7ae131c66d1c1656,0,0,1,1
0xa4261ba65ca28177bf1dacb6821d645520782786,0,0,0,1
0xa49b855663af2650355fedf1994f047a1d25df54,0,0,0,1
0xa4cf82828740aff9a5b19a2bc18550362c948fad,0,0,0,15
0xa4ec091d0cc2e867e38785702affbfa2624fc64f,0,0,0,1
0xa4efb849a3153d4300bb9a7e4f421a02641c5ac6,4,0,0,27
0xa50c1ee1439a6fd42ce20a173d7b19ba500ac721,0,0,0,2
0xa514465115b8d966605a139e88c99f967f072b85,0,0,1,3
0xa520e2b6c2759edcf46a82ad07d9de7b28fdc2f6,0,0,0,1
0xa56ac0e076d10e4d4604e63b6384660e2ec398e8,0,0,0,1
0xa5807586ac9c81a1cd1789683fbd793d2036c65e,0,0,0,1
0xa61ba68ecb57fefa374ff267dc6a4f662948b619,0,0,1,2
0xa65797de99c33ba9d028e535ab5f472653bc462d,0,0,0,1
0xa6896aa6db651800de7211580d75fa846fc206a2,0,0,0,2
0xa69f1372f0a36daaf02793b2f64de5439722b320,0,0,0,1
0xa70f2ff8293a4dd183225e357c22945207322a78,0,0,0,1
0xa740657006a0e1fa2081af0070aeb8cf640b4a86,0,0,1,1
0xa76d7e0dd7f347fffde1ca3b52c8a13d80610ea3,0,0,0,3
0xa7ab334c0cbfd5d232ce757a777787cf8066ba42,0,0,0,2
0xa7b5f3f9e43201cea79cc43c6d211f8ac133e888,0,1,0,0
0xa7d4f28c0996de10099834e1acf001864dcec9f5,0,0,0,2
0xa7e7a03136b9cf49016ee6f1753e002b657cfd27,0,0,0,1
0xa813a62256a44afee6969eb2853df8ea7cb3c51d,0,0,0,4
0xa87514c208f6508f96120851e48e25d28d10f645,0,0,0,1
0xa8852c497c99d29debd35c1970ce5caa79c3aeaf,0,0,0,1
0xa8b6605aef296a5c6fe64b605435f8399335efd4,0,0,0,1
0xa8f74f6679708fd946e514a5db9a660d29c9d015,0,0,0,1
0xa9151da22b587654652a89ab61a5473dc218deda,0,0,0,1
0xa92be7f728ef585851212b1ceb318b8a2fbacc96,0,0,1,3
0xa9aa6a7b2e9a7c2ad628e096c5efa148a6754f89,0,0,1,1
0xaa6e3334bd5026e1b184397e36306e4c17a02a8a,0,0,0,2
0xaab6809f13215cbc4a5cfcf4b0648830cb59dbf4,0,0,0,1
0xab1bcfaccc9b580b83066ce7fe4c2a26d2994aa9,0,0,0,8
0xab2c00a868846bf6f32176ab2b54b0f7edb14a9a,0,0,0,3
0xab35cc125d4d8e303e878255fd0ddfe27bc3cb6b,0,0,0,1
0xab42cd5bd3be78637826475708ad46e56f239a32,0,0,0,1
0xab4a65ec5b0b124fd637012a5359818864bdf1e5,0,0,0,7
0xab5b8a0119140961dadb1f0b254ea7a6eb601a2e,0,0,0,1
0xab69f87ba36d02266103779d1376887e427292c4,0,0,0,1
0xab807fdbf54f827c616d9b9235145b76df22cba8,0,0,1,0
0xab8cbb831443a5eb3d760c4ecf6605534d492843,0,0,0,1
0xaba19a758404b3bfdbd0e36323d4ef6fd58407b0,0,0,0,1
0xabc32db1fe279335a18d886537aada08610dc3a0,0,0,0,1
0xabed1af9d39be52472cf2e92f22290c99c6ab5e3,0,0,0,1
0xac033ff648db784d08c0a249227abdc3590ee588,0,0,0,1
0xac109148dce93ea8f27f1131327a6e26c63ea220,0,0,1,2
0xad36ac0eb2ad744a9c8605f0d25c9856b8cad131,0,0,0,1
0xad3ad8a60ce1e0636aa4d06a7751dc1cfd17f531,0,0,0,1
0xad547b0f6012881cde201a772148124bd4235dcd,0,0,0,1
0xade57297d33eaa750eb40d8d2898d0dc89f06e96,0,0,0,1
0xade9a79b88fb5a8d4c8c5de2efca06187e92565a,0,0,0,1
0xadfdcb0c48cead3979b5663232fac20ed8eda189,0,0,0,1
0xae0e350a7fe671227c29e8816f4b4c560e9b50b8,0,0,0,1
0xae12898dfe6cea481c998e978f70bf5799f9f470,0,0,1,0
0xae3f5f96ff418888b4e3fe41a0fabbba9eed9670,0,1,1,9
0xaeaeb40e44e185f58fb351f26c07c098ba755d0b,0,0,0,2
0xaf06d947ca14a5e49d5767ba90e906d72dbf86c4,0,0,0,1
0xaf45208866bed0454d038a2a38f7fab6fc29742a,0,0,0,1
0xaf8f5e8146279a9af90cb9de3b8255e7aff4ef46,0,0,0,2
0xaf9237403b25c9ca0a3c4400d8b8adc6d9727b86,0,0,1,0
0xaf95da4c8f984e7f8aca61c623a4dd124c3ed5c2,0,0,0,2
0xafb87ade96cc77254244aa639b606d93c4e99299,0,0,0,1
0xafc7ba072ca9150d41157a821ab79bfa349a2b3a,0,0,3,17
0xaff6255eed853f9b30bad759ba672beecf7a4f41,0,0,0,2
0xb0760087ef4bec5a48aa11b2757a4dc6db5c7b03,0,0,0,3
0xb0796cdabda8b1554b976feb89f572648355eb9a,0,0,0,1
0xb0ae2138d58a1502dade43fd2d04527f55d84c1e,0,0,0,3
0xb0db811ba559cad27bb7b59d1885cabc4b4a1555,1,1,0,6
0xb0e38244a018e2081dffe00f65d4604b9b9dd3e0,0,0,0,2
0xb0e4b69a018b35102dc648f81542efb88744b5ef,1,0,0,18
0xb1619e9a1f687b21d8a10c9b29e57a87cce2ff31,0,0,0,14
0xb1c7b4f6e4a22abee7f295987cc88a413a9a9f85,0,0,1,2
0xb20ba734c75993d89b0c8207308d133820fc26e0,0,0,0,3
0xb28654da9a9251114029e1e478705beb331cd1e3,0,0,0,1
0xb2d866297dbc7c7d8ad045c05afb48a95f28fb3c,0,0,0,1
0xb30b48a95f80e0f7f6aaa3b562ebc9f0db1b8152,0,0,0,1
0xb349d839bc14d8221f468b6aa21a3a968562d330,0,0,1,0
0xb382095d38558df04cfa39fcf48a080b7e01fce8,0,0,0,1
0xb385f3354c7de44db2bc20c646fe3fff1f86c666,0,0,0,2
0xb41f6d0832f70282229916e788676a9cd92d9192,0,0,1,1
0xb44faa8f41ab7c7caf7f94d2ce683249067504ae,0,0,1,1
0xb494dfdb9d5c9c99a4e5f9337144b3ab15adfb5b,0,0,0,2
0xb4d141efa4404005688580c967432d5cd5b51716,0,0,0,1
0xb54b69b9087ae43a3d6666de75be48ab4f20212f,0,0,0,1
0xb5a80275ddcaca8ce41fb0476289fcdfe6bb31d7,0,0,0,2
0xb5cbb57fa83b990ef80646439b3eae7214cdab7e,0,0,0,5
0xb5f7f579e188a186f8737fc5c4b8c91110012c02,0,0,1,3
0xb62178010a649d90582aa5a440f881777055d55e,6,0,1,20
0xb7044f8a915b975e5fdf233a9cafef82ec0d39a9,0,0,0,4
0xb760e92e3a3e250adc19e06ec641c2a57cf0f9c1,0,0,1,4
0xb7f70ebca3107c2f44fb14613d01f58519a1733a,0,0,0,3
0xb81a15f85f3da604e48260291f442dd6b45cf231,0,0,0,1
0xb81e6bf02ecf2dee200b46b3b25dac34fc7ed54d,0,0,0,1
0xb828909fad64ecfde957a9bfb94545556a694e0b,0,0,1,0
0xb8318aa98a04d2e842282306dcdc1edc7c5d2cb9,0,0,0,1
0xb848b1e728e50aa4c6bea393398fa69ea51a71ca,0,0,1,3
0xb870e044910cedf51f927d9725174ac74fbab3c4,0,0,0,1
0xb8834f8996112a25bb3e39a85fc176b39d656130,0,0,0,2
0xb8c8dce4299386fe628712e7945654cc94a1c57c,0,0,0,1
0xb8cb24488ce6d2a40a6a66b3ea42723ebef19f3e,0,0,0,2
0xb8f03b76a9e8a3ac86b9c1142a80beded6fed9f7,0,0,0,2
0xb8fced63a7722ea734b06eaaa20f08b3bc0c29af,0,0,0,1
0xb98e02af7206d2f41d4986ebe6629df197181719,0,0,0,1
0xba34a41e7afc5162330c7a6298a43b3fd940fee9,0,0,0,1
0xba50ec42ba26f2a16ece543b82004eff3f69ccd8,0,0,0,1
0xba51d2e6170a641f21be656940b2243ff674c849,3,1,2,0
0xba5d403b7f0bc5e77ebcd8a4e33fc62740028572,0,0,0,1
0xba9630dff34431eaf4e3184651c95c14ba9c9e30,0,0,0,1
0xbaf3570afa11d0fd9f21a61eb018547db4e95548,0,0,0,1
0xbaf7e2b23838525ea163fa0e380db6cfd037f823,0,0,0,1
0xbb0d23676532bc9c152c97e8b4d757ffd1bb762e,0,0,0,1
0xbbc78224e0a91aa7252ae6f3bf25bd1bc2d613df,0,0,0,1
0xbbc89d2c558015ab59d2a888baae3e184d42c5ed,0,1,1,1
0xbbf3ae6979643c39d5a900954c3b402618cf4bca,0,0,1,0
0xbc34e23248062bcb6a0479306ea3522b7552de04,0,0,0,1
0xbc36d49e28c73a06cb3e7337baa5e1e4b3e80804,0,0,0,4
0xbc5691e00a594000c40709845b843d607a4c2b91,0,0,0,3
0xbce8383e8181b4e2b4cb49b937316136e373d1bc,0,0,0,1
0xbd9c32c4a0daabb7519ac08122579aaea8e59232,0,0,0,1
0xbdec49a8d778ef1dc939b040c8e89c57bc8d57dd,0,0,0,3
0xbe2717532ec04162721af4fac9346851d42c4398,0,0,0,1
0xbe5203a6570c96ac569454d5de4694139a401c47,0,0,1,2
0xbe7dc0efa2a29e122ada9292f8bd291b80dabf0b,0,0,0,1
0xbe8d93749fd09e9e149ac12c7ca6a7a807bfaa46,0,0,1,2
0xbede9d90a31b45f8372090ede30603860f082bc1,0,0,0,1
0xbf5140a73c6f13df65f76658cc4783d04260fe3c,0,0,1,0
0xbfeafcb9e98a6a747d9ccd9a99d5523bed47b132,0,1,1,4
0xc000450f3d96eb5165bb9f5bdfead8a2acccf382,0,0,0,1
0xc01fd6f60c181af7db03f07c7288065ff8dbc9be,0,0,0,1
0xc03d752b4f6346304e5ff7a212d33d220d912cef,0,0,1,0
0xc07f2785adfdd4ffe9288a1ab77ed5e147ade0bf,0,0,1,3
0xc0abb50c6e874255e6b50cc1c2f6dce1153692d5,0,0,1,3
0xc0cf89a57e6d7f8b249f4a0557d800d4b4825aff,0,0,0,1
0xc0dd1fec0a0692457cc6b53dd952c963b002a4b2,0,0,0,2
0xc13d3f9a11efe66d7172c4d6f370b05e4d1a2275,0,0,0,2
0xc155c566c02dbb97686b3649daea2da9473f939e,0,0,1,0
0xc1741f18e6cc27439439b2bf3f58a341234d4bb6,1,0,2,7
0xc17699674af2e2d45ec1b5e939b73a581692a30f,0,0,1,2
0xc1ad99efefd9d093bf406095701e0692809d2de9,0,0,0,1
0xc1dd40abaf3be6a54afd9472b107456d35f4c6da,0,0,1,7
0xc2071d36d6f900a36551fa22651b3a40dcc4f9eb,0,0,0,1
0xc21964d58e84f2d2b07955805f25ad33e85ade2a,0,0,0,1
0xc2c97ea8458f45c2a9e60381bb318d62b8e1c2fd,0,0,0,1
0xc2f7e22ce02e907ec67935301cc77fa8d05e9283,0,0,0,1
0xc2fe282922afd54a48a0d30dd18c9a7cbcd34376,0,0,0,1
0xc30f2ee5078f3e57a8a3dbbc18a75af5d78b70f3,0,0,0,2
0xc337c6c0a88c8ed115f8a0f612f4d352df93833e,0,0,0,1
0xc379f85a1a6cf4566e9b155805bab55d9678c3a1,0,0,0,1
0xc3d39353b3fe7394c56f949455242dc49d068a0f,0,0,0,3
0xc3d4f66ca71a8d0fdf453e3ef0180699b51ba3b0,0,0,0,2
0xc40d0edccf932e90d43c86fec23a7f059b051476,0,0,1,0
0xc46828ae2e8229efb80ea6c832dd598d26d7d968,0,0,1,3
0xc492cb94447cdea51088316df37f3466b9b4a11f,0,0,0,1
0xc4a9e47bad1ff36abab31fd4099588fb7f46488c,0,0,1,3
0xc4c08ab156edc716de112cc0f56b7c4c3500c7ba,0,0,0,1
0xc4cb45f1869b412633eac61cf86580574eeabb38,0,0,0,2
0xc51ffc33fd5a093f4637d1f116825a459734baa1,0,0,0,2
0xc52f2c6447cedf57000c2bdb500fa85bfc4a0c3e,0,0,0,2
0xc5481ea6f5deff10b00da48ad7c56db272583fe8,0,0,1,7
0xc56e357599de4418c3a33ad611130d2b2b36b19a,0,0,1,3
0xc5a160a88bf4730562e820241e7bab05ecaa7c66,0,0,0,1
0xc5a5d70cd6b9092391d0e0342d0a899f4c3eece9,0,0,1,2
0xc5a6349aedf573ee01c7bdf3d713496b5a45d056,0,0,1,6
0xc5b35ff8dc087d09a9a802dea8efd8dabd88ca8c,0,0,0,1
0xc5be68dc3eb46169855c038fb2f1f9d0bdc41b2a,0,0,0,2
0xc5cbdc665709697ce36f4e5f6407b09741dddf06,0,0,0,2
0xc60a2f17867250df53a097f436a35e94d1a2e0c1,0,0,0,2
0xc60c81445c5cc9ae6be1e9643a71eb19956a6a5c,0,0,1,2
0xc64b172b40721d36318cc4d93111d352d019c40a,0,0,0,1
0xc66387212805c3541e4608edaec69353e85fe1e0,0,0,0,1
0xc6802c2e7662e9b2844af5ded50fcdef6b32056b,0,0,0,1
0xc68175dc921d01517f922e607236b9970e26e08a,0,0,0,2
0xc725548728a7db7c52bcd1b9ca6ee0ec07b83668,1,0,0,3
0xc72f131e619aea06a0849d07ea841d9ffc860184,0,0,0,7
0xc7ad51fa0e2dba75aa52ae5030c95ee3e067ba75,0,0,0,1
0xc7c4462604cd4bbdeca69dbfddc500e676d26c15,0,0,1,2
0xc7d4cb0f7ec6078f980e01a38291da2f8ab3dbd4,0,0,1,1
0xc7fdc975ab8efa5c0b401f10ab40ec132f4fa72c,0,0,0,1
0xc8010ebe4213d4c0c940ce83bee2ff516e8671d3,0,0,0,1
0xc812432e0ea7a06cf6124bfa5e8cd1a2417945f2,0,0,0,1
0xc84a660da6c0349b3b66530cc5c970875b2c38c8,0,0,0,1
0xc88e439ebf87ea2e8e606e3a414c20a83fc86e1f,0,0,0,3
0xc8a2118f9ade7f6d5dfc8e3c772f93f03cdb2038,0,0,0,5
0xc8cc786606914e5f6c278b7c0c80b4e2d592717c,0,0,0,3
0xc93ae2d0f3888209c239861d43014db983616242,0,0,0,1
0xc93decfa8b8807e3314729c3da75ad2e9bf0c3cb,0,0,1,2
0xc948d811b20dac96697713fe6bf090dea9d18450,0,0,0,1
0xc9c220f35385ec017c18576a348e92cc2c98976f,0,0,0,1
0xca02968f6a02cbd79274c81ff71a3683ae3ee8de,0,0,0,1
0xca1cc88fdf3310f4315e4f3fe92ee438d79a9026,0,0,0,1
0xcab770c3dea36ab46f038dde29a1683b06dfad92,0,0,0,1
0xcb480f2b79596450922c72bcbae511b850b69c33,0,0,0,1
0xcb86e71fc75f08cba566f624969c9210fd74ddaf,0,0,3,1
0xcb9cd47403aea0d1f73ed1d45e558010aadb09be,0,0,0,2
0xcbf97115c92de250b3fdbd78d4842fc7f3ed22b6,0,0,0,1
0xcbfe77c9e8109b32e3f7891f4dae2233e6a5cd8d,0,0,0,1
0xcc03ec2cda6cb98df867bb7e9a721f1845e5f18b,0,0,0,1
0xcc5dff8c6ca0a68a49673a8c149e728ae4667678,0,0,0,3
0xcc6d879b631d223126922319d95be512b3fbd68e,0,0,1,0
0xcd89d190353b1d0d4c103102c38b76f7696d511d,0,0,0,2
0xcf0722f0f8d164529a1aaa4280057103daea8007,0,1,0,2
0xcf3a8074430e55a8608f5f846800bddf152dc626,0,0,0,1
0xcf72855b1325939b8e2c2a9f51cc5979ceb9faca,0,0,0,1
0xcfaa50689bd7fa258bbc1798a321d8862422e751,0,0,0,1
0xcfd916ed63b653c067c4dc75543019612bacc98d,0,0,0,3
0xd016593760dce2db66ee025c6c38fccc99cd6276,0,0,0,1
0xd077b1cb1e0216609adfd9c4439c6d6b5787c8c2,0,0,0,1
0xd09a9e564eafd17f608d444e958f9eabf4ab322b,0,0,0,1
0xd09f2d7cf6e7369fe26822c9926df24b3e4802f7,0,0,0,1
0xd0b3738a77022102d070296ba451a5adb2c1d898,0,0,0,1
0xd0b6e853a8da741d8d54efb40ff29ac6f8b1b5c3,0,0,0,3
0xd0bd2aa9499e46035898c1443d04dab45f8c565b,1,0,0,2
0xd0dc1223cbe7af98469d05edee2dd789acb076d2,0,1,0,2
0xd0f0b53114f7684a14204b5f6eb77211ffbe560d,0,0,1,0
0xd0fce2021e7ccd5d50fde53b3af82985885016dc,0,0,0,1
0xd129d40fb01c830dec0527f3dc19eb7dbf285fa8,0,0,0,4
0xd1956badc7b9987be6057f88ecba03f0da1500ca,0,0,0,1
0xd243046477d0caaf26aae15860ce61de3d85f1a2,0,0,0,2
0xd27fc8aee201ec6a35f3ae32c457d04c44965158,0,1,0,6
0xd28bc77c3673c35fd92331e9a08459ea3aaab3de,0,0,0,1
0xd2c166a4a8ff998e25c3eee161b5e5c111a2698f,2,0,1,20
0xd2d2397632a075d9165446a4a5afec519870ae49,0,0,1,2
0xd2d5da02a202f7ef74aebe183dcdda78e5c07ac0,0,0,0,1
0xd3077365951797c9c6d1536e144524dc068e8a01,0,0,0,2
0xd31fb82d37f6236bb4dc0f7adc5321026b41c9a8,0,0,0,1
0xd36f77667bf7d7f10bc318c923efb9373d7470b4,0,0,0,1
0xd3c2635086c1ac6853c6f566b32b525ff4af797d,0,0,0,1
0xd3e3ce33d52f437dd54fbc19caa2b26d26f6c056,0,0,0,1
0xd3f55f848e2ef9362bb8f2df199ac98584a29b77,0,1,0,1
0xd4021d2b852b50de0734c44e4b88309242259df7,0,0,0,1
0xd442e8e9b3b7b0e9dc268f4dcc37963c41da1267,0,0,1,1
0xd454ce15fa0dd8a5b04f2555a019acc4ff27d8be,0,1,0,1
0xd4770a107297a28b431834d18dad82cdf712d0ff,0,0,0,1
0xd486d33f4f01e2f3f8526aacb3417cd005eb2a4c,0,0,0,2
0xd4c4c02214c765cd485154e8aa3ed6fe9ea6f447,0,0,1,0
0xd4e352e61d4f857ddf25c669588abe8eb586039b,0,0,0,1
0xd510193bcc0154a0640dad0a6336aa626b3592d2,0,0,0,1
0xd51a65a8fe91dedebd483fa64f32d3e9b1c598ff,0,0,0,1
0xd532dacff9240b9c9ab38ee1c084b0dad8035a01,0,0,0,1
0xd583ad250cef392dc6c723ad9317f17c20baae88,0,0,0,1
0xd5b7fe9891e239c993590b218e02b7eeb7dde684,0,0,0,1
0xd617b714ca6f7eb54a0ae29d6d45530a8e5495b0,0,0,1,0
0xd61c35a4dada2d3ff5f9a85ed625f48e3da4349d,0,0,0,1
0xd65ba60689fab1329a6f92668d3546c5b5199908,0,0,1,2
0xd69b09e53ae62ceadb92383a13db9eb383bba954,0,0,0,1
0xd6a5664ca9182cbd5479fa3c7fd38dfdbb84ba07,0,0,0,1
0xd6bba0e7f3a3833b6066b0bef63615c1d6d93336,0,0,0,1
0xd6f5646d9e7fbee7cc907eb8e12dafa5378431e6,0,0,0,1
0xd721aa6626ddfcecb2e6f9a6078b04d02fabccce,0,0,0,1
0xd73d74c5d0da72f21bae168f5a2e146552274f63,0,0,0,5
0xd77572e62dca14b7a4a043e52a2029e0a27b06bc,0,0,0,2
0xd7976734a1541fc35478f612e7b4ce430e6f0710,1,1,1,5
0xd84c57228678b5dc82989e4071f2153b15ed7cac,0,0,0,1
0xd88b63e81930d0443ae51b50c43bfa2added18ac,0,0,0,1
0xd8c730433c71aaef3d0abdb71fd4d59caa61d90a,0,0,0,1
0xd8dccaee1374090d98278a23711a6e1ba7122078,0,0,0,5
0xd8efbfedc210720e5712199d3ce728cd280d502f,0,0,0,1
0xd925dcd242b65d220bf8aba6572e1435dec047df,0,0,0,1
0xd97898e4a9bcacabd94ddc08a2e6011a49a8e420,0,0,0,1
0xd9c0a93e17174354391aaf106313a28f155cd4f6,0,0,1,0
0xda1642d7e3e4c583b235ef306998c894b1f59166,0,0,0,1
0xda7c5e57c24c497e8b9e512c93e43f73b0dc2346,0,0,0,1
0xdb190461ee305227710726e2c6c25d6b2aafde5d,0,0,0,3
0xdb2340c5ce2840b9e428c4e87692a62e9dc58f0d,0,0,0,2
0xdb2821d4e1ea8413c7e6712ea51b3650f95ffc48,0,0,0,1
0xdb4f82bdbd28f31b654de80ccc3e1c7d79d51dd9,0,1,0,2
0xdc294fe3778b6c85c451b26b7374908a5dfb0b61,0,0,0,1
0xdc345f910c888210d9c384918e5d618cab8eb5ad,0,1,0,1
0xdc6addf985f6aa3022e387680e5c928466bd6579,0,0,0,1
0xdca49a9ed040157e0cf845e56a517dee681ccb4f,0,0,0,1
0xdcaea2a6572f6c91887da4ba6bec181450a60e5c,0,0,0,3
0xdcdd89d75299f18d7e4e633567f9dffe76d47603,0,0,0,1
0xdce5d2f1f615ceb966cbb3eda9d42935ff541de1,0,0,0,1
0xdd507853be2fee61b68b967cb352a1ef1bca3946,0,0,0,1
0xdd9ebe89a6f8119180ead5d3428f7426eb5839a1,0,0,0,1
0xdda4c21d51aa11629fe79e55b5f695557590e5a6,0,0,0,2
0xddba56c8da1e4a676e3c7fd332bc0398d52bfeb7,0,0,0,1
0xddfd2627fae4d379332f0e96f802fc6901a2b920,0,0,0,1
0xde43ff3aa9ecd83e0aebf39a0933b047055528c9,0,0,0,1
0xde61e54d5040214baa9785a7399ee0282b3ea29f,0,0,0,1
0xde75948c2069a913f85555a89568107784504f5e,0,0,0,1
0xde75f09a694e4573f2fb222579cc0a23d912cbe4,0,0,0,8
0xde7e1b4c3d6e2e1c4782c45e9be6f07d4f2d5a2f,0,0,0,1
0xde87e7d40973967befbbf86775ca44a320bc68cb,0,0,0,1
0xdeba0c0a8b7f847b6398350de84d73f923e59cdb,0,0,0,1
0xdfb34114abdb32d105a4551117a151c4fdf89a33,0,0,0,1
0xe00558ebd964a9f6299265796245c57de23da9d5,0,0,1,2
0xe0424b6b5105acee5e2c3f33d3ef6f445ffc0f51,0,0,0,1
0xe042db98da3733d05efa094e01d1e10056c0ca92,0,0,0,1
0xe100d308bea6c0ee54448fc735a18511dd74d68d,1,0,0,4
0xe108cfa27419b5271b579908bc2ee5a2bebb932a,0,0,0,2
0xe13cfa6e2ad85a56ee208dc7ce5f3d2799404676,0,0,1,13
0xe144f2327eda621ce15b2aedcde0161a01d1909f,0,0,0,1
0xe1d1a8df56c7deee1eb0f16b80359ac6b8ceb167,0,0,0,2
0xe1df5b8c0ca6c53bb0eaf67e5853baa64f3a2d02,0,0,1,3
0xe1e55f6a87e1a7108dc2e80b730f7d0485067107,0,0,2,0
0xe221f2fb3833cf228cc32dff0241aa2a45695cd1,0,0,0,1
0xe224cfcd420a205b518df9271381af6e58ab17d7,0,0,0,1
0xe2a6e6c792b1a19f293324f51f7a3e97f5a0ffc2,0,0,0,1
0xe2f0284aa44a35cfd83f2946b767335b14347b96,0,0,0,1
0xe39442ba7c7ba39d84cfb3b4d025afd092a2fdbd,0,0,0,1
0xe44297990ee277499b9b7a284b0bdcf804687067,1,0,4,17
0xe478baa3110c016fbf22708abae74b29e8b9a9ed,0,0,1,2
0xe489c5d3799051046c40ba339e75b9d56da26038,0,0,0,1
0xe4f1ffb476d5c3d10b270988527f2bde649c3a15,0,0,0,1
0xe5385ecc8bcb5d69d17cd58b69f64c0cfa405e1c,0,0,0,1
0xe5ab4e786332b57b62de2cce1130f8d716ffd070,0,0,1,4
0xe5bee17bc4cf08c0c22270a8646242e6ba4345df,0,0,0,1
0xe5d009bbce5a5d7ab9c6c2b1b0a56f9b98297cff,0,0,0,1
0xe5e0e1fcbdec9d8a52dd5eaa7c89c6f9bd2f0ff9,0,0,0,1
0xe664a59636dba95b214c73c61d72a890b49b2ed5,0,0,0,1
0xe6be2096dbe9560cfb01b45804514d075d6585bc,0,0,1,6
0xe6eac0f55e3f5ecefae3877015fb8631c95a3a45,0,0,0,1
0xe7332130ef0e6adbc275267c187888111657dcd6,0,0,0,1
0xe76969a204b1513c89c3ab9c8582f4f3a7779e7f,0,0,0,1
0xe7b2a7945c010ce81c3b9f735a1b450088af5d80,0,0,0,1
0xe7d3dc544905f63552c0b10642012a5bc07b52d8,0,0,1,1
0xe86fb79bf91db3f99e518241f5ef77ba39a34a45,0,0,1,1
0xe8eb59065aeabf68ad20f1b10e68c89c69575a49,0,0,1,3
0xe9137a9c82f569c6bc24b4f4dd705d63171c2610,0,0,0,1
0xe92240d57e90813727e647b6443658485396048f,0,0,0,3
0xe9891340dc6c06b0881d654ba8aa20e28f6915e9,0,0,0,1
0xe9d552cfa1a9fa25e77cadc6b14c24b1740f73a2,0,0,0,1
0xe9f52a15997444408d21d1b64e14215d01058898,0,0,1,0
0xeada1303721efa8645cc58ef424094b5ee8cd463,0,0,2,0
0xeadcf175cc71ef23cb3a039d67b181688fe63564,1,0,0,1
0xeb5ada62a3429d59bed041fa971e45978486f9f3,0,0,0,1
0xeb5b8a5e3046704a44f96079b3378baf6edfdd52,0,0,0,1
0xebd26a878d408f0da830450ff122ea9dca6de9d3,1,0,0,4
0xec8afd225f2f2e05c4144d56b68cbb144ea94f8c,0,0,0,5
0xec988e81e785b17b097580f451714a1dda1a5134,0,0,0,1
0xecbbc30e393cd1932cf23c893a78b82c3b65231b,0,0,1,4
0xecf8de50861b393debeca2f9db21de93e0af2d78,0,0,0,1
0xed0f81ea610b59c3459c759d78dbbb23a3f83555,0,0,2,0
0xed8ac8b0f7714dbeb85e3f554aeaf4cccf7aa3b2,0,0,1,0
0xed994d5d2dabc9379996a3071fd66b68bd0054ba,0,1,0,1
0xedc01ccbe12a46cde78f622ca351084bb78f1a10,0,0,0,1
0xedf80bfe2baf3c58807416e425bb9712e22bb9ff,0,0,0,6
0xee41400d977ff954bf14ea8e85b0fe176bb4131d,0,0,0,1
0xee50296fb926a3fe56cbff0fd32aabf4a30978bd,0,0,0,4
0xee51ed6e52b56f46e687ba1bae4b8bcc8d013945,0,0,0,1
0xee8a859793d80f5c05e978744eb120c4c6c8a202,0,0,0,2
0xeec5cf3407038fdcbd1e8867764b578a964d70bb,0,0,0,1
0xeeda32a36ae712c533c3214c3b5aad00d2e4fef8,0,0,0,1
0xeefbc71074c67a3cc5cddef47b4d76c20e653c6c,0,0,0,3
0xef405d2dd405d37f416260549af208d82c370460,0,0,0,2
0xef5183b657f9aad6a0d83a1551a61e9e667ed10c,0,0,0,1
0xef7109302f1a7067bfc205c198c3e37597ef0515,0,0,0,1
0xeffbcbabe8e4609e7eb474e0e4147e1fb8530bf3,0,0,0,2
0xf0473d78e075e95356a9b1b1cf6d3f10179fc98d,0,0,0,2
0xf06bbf8b7dc216658f1e57d6e985a35f7ad92d23,0,0,0,2
0xf08d1e573c09c5fb2a48933fac30fbbcb2fedb08,1,0,0,9
0xf08ee707bcceb798db513541cf56aad48ee7d931,0,0,0,1
0xf149ade77440599f96aa8cb31f551ecbc8386408,0,0,0,1
0xf19432beec64dabb1cc9a79d405aab318c6a5d4b,0,0,0,1
0xf19f2381e03e9b48ac5a23a2fc4e80441aa90cd0,0,0,0,1
0xf1e3af703fa556b1834e489e0683a16fcee064a7,0,0,0,1
0xf21a19614dde6d36c9afe509a21109f0c151b0fe,0,0,1,0
0xf26fa2256cfbbc4680227a3b8e3d7de73849a26d,0,0,1,2
0xf293b56724cafaa859299c08fc06e14f4c399bd9,0,0,0,1
0xf2a98e282d73b36652b27b6c81a3b300f0ecf43d,0,0,0,1
0xf365f8d8f76581e52df3aa064f3235e527745c0e,0,0,0,3
0xf3911d935c5c65bf32b6cd5a82c6b1f8b048449a,0,0,0,2
0xf3c6203f11af86fadbb60065a2340383f29fe38e,1,0,0,2
0xf3e7f65dc5c8ffeaae89da5436a177f2f804062c,0,0,0,1
0xf3e9827164057792a1685decf7df9596c764c656,0,0,1,0
0xf3fca812cde386d0d74a4a6f76b25b401d3e1654,0,0,1,1
0xf403ca3058d5c8810c9455f9963091afe901e4b7,0,0,0,4
0xf4727dd81ba8e3b518c99562f12c95b34715f82f,0,0,0,1
0xf486a99f2f19d9ae8692cd98219fc6b5effcd621,0,0,0,3
0xf4fca0efc12dd4e6b00b4c0c9e155bc3f4db10ac,0,0,0,2
0xf55dbe114957eaec2bf06c651b680adfe39dd581,0,0,1,0
0xf5703912f7430128f13bbe5661d45a8b48b96663,0,0,0,1
0xf58d15f9913829e1b61e92399dc77b082e6825a1,0,0,0,3
0xf596e65726311f882cd09f33c7cffb47a7ae7d71,0,0,0,1
0xf61241297a20006addb71728891217dfaf3e8a53,0,0,0,2
0xf6495cdb155bd9f6171a7c1fc808c1fa3c1206e4,0,1,0,0
0xf6555358ca9ff5f595f370c39a37b4f8433efcac,0,0,0,1
0xf7044777d2d794b736e3488cd48bff865b5be297,0,0,0,3
0xf706c06cfcda4c03420a532361b51ce30885a187,0,0,1,0
0xf772c548f705e3ca1d97fb6a9c29acb5be1a72a3,0,0,0,1
0xf785ddfebca7dd8f12ff2a13b03a4f1e37e8274a,0,0,0,1
0xf7bfdf6f0b368f2d6be949b8c4b9b6557b6187f1,0,0,0,1
0xf7c23ce4b0c076c8863db13ff6ebf3a0610f461f,0,0,1,0
0xf7d4df98f4be31bf93a0f3175f45e7d69668d2b2,0,0,0,5
0xf80cc583776bd1f221999d4f85d840c945e5fed6,0,0,1,3
0xf814b20bba4455b49ddd66ef2363349cd164a447,0,0,0,3
0xf815f4a9052c6ba078178df6e7ff3176bfc846a7,0,0,0,1
0xf88b7f76aa886dc29c92b115cf73833d27618f86,4,0,2,19
0xf88c591c7468d6e7f2014a4a7fb03b140d86777a,0,0,0,1
0xf8f199a620dd5ac39862cce0bf7e7cfbdd08c0a3,0,0,0,2
0xf8f9347ad38f607e2c510a211a563cf5c5f52e89,0,0,0,1
0xf9139e87107923477387f98288bca9bd6fec14c3,0,0,0,2
0xf969a81b90cc0182a44e5a4b565d1d2d1080eda3,0,0,0,1
0xf9af55c65e0b0013cf4307ba0de0818e7153bf09,0,0,1,0
0xfa1fc5c73bf5819d964a80026c20982677e25d21,0,0,0,1
0xfaa15ae73052f4deaf19bb290687609880d3e0ef,0,0,0,1
0xfacaa385e2e81623c8cada6d847abf0814624b52,0,0,1,4
0xfad5ef7a5bb8135acac47c0e0a01ed048d48f3c0,0,0,1,3
0xfb2add49acf69d29d1649fec97080236b317a4fb,0,0,0,1
0xfb301abc866d8445c7a94a718fe5b7e18797251c,0,0,1,1
0xfb304d61eb00edbe92531ac7894b53b307006c44,0,0,1,1
0xfb41cbea068ea9f765b8b83b59c116b2cf9bd778,0,0,0,2
0xfbbce5f63a40738b9ef194989ea6507a7636c526,0,0,0,1
0xfbf4df8914e2cc1056944aabccb1d2adb95b7737,0,0,0,1
0xfc45452230ce9f0b9acd3a3f78e81928914a40fc,0,0,0,1
0xfc795960c9f785a2cb599c1e0d949dc5c19f6258,0,0,0,1
0xfc93f9f8950512c3c3d0796633ecf1bf459eeea0,0,0,0,1
0xfd64ceb90bce9eebfcdcf3e937dc1e6d010c1ab6,0,0,0,1
0xfd828f2d38d2c2bea9067a10090e5a1eb61d526b,0,0,0,1
0xfe458bc9418231f345d29cce0b4e4418dfac328b,0,0,0,1
0xfe79400dcbe52298c804fcb009616dc410bcc081,0,0,0,3
0xfebca817e783251e295cda3e4ab2b8d382fb3c43,0,0,0,1
0xfee04844191a0675a6f941647c200f889a4cb719,0,0,0,1
0xfee54ed1e74b2bf24ace5f87008b59a05f3dc57e,0,0,0,1
0xff3311946c510670dea791068393797de04731d7,0,0,0,1
0xffa106a18b52ee8c8c52c78db91b61ba9d9e25d1,0,0,1,1
0xffaabb72c275d54dd3920819eb74dbafa5ff99cc,0,0,0,1
0xffe099404a65b9d32c4943fd122bec06fd876cfa,0,0,0,10
